Workbook

Sheet 印刷・FAX　発注書
B6: 発 注 日 : | C6: 月 日 ( ） | I6: FAX ⇒ 022-355-9775
B7: 納 品 日 : | C7: 月 日 ( ） | I7: 連絡先 ⇒ 080-5704-5653 担当：我妻
B9: ファミリーマート | G9: 店 様 | I9: 有効期限: | L9: 45718 | N9: 45724
B10: ※ 店名のご記入をお願い致します。
B12: 品名 | C12: 産地 | D12: 規格 | E12: 規格 | F12: 保存 | G12: 賞味期限日数目安 | H12: 想定税込売価 | I12: 想定税込 仕入額 | L12: 粗利益率 | M12: 最小発注ロット | N12: 発注数 | O12: 計算表
A13: 1 | B13: バナナ | D13: 太め | E13: １本 | F13: 常温 | G13: 3 | H13: 98 | I13: =ROUNDUP(H13*K13,0) -> 71 | J13: 1 | K13: =J13-L13 -> 0.72 | L13: 0.28 | M13: 4
A14: 2 | B14: バナナ | E14: パック | G14: 3 | H14: 216 | I14: =ROUNDUP(H14*K14,0) -> 156 | J14: 1 | K14: =J14-L14 -> 0.72 | L14: 0.28 | M14: 5
A15: 4 | B15: 新玉ねぎ | D15: M | E15: 2個 | H15: 158 | I15: =ROUNDUP(H15*K15,0) -> 114 | J15: 1 | K15: =J15-L15 -> 0.72 | L15: 0.28 | M15: 5
A16: 5 | B16: 人参（冷蔵保存） | D16: S~L | G16: 5 | H16: 128 | I16: =ROUNDUP(H16*K16,0) -> 93 | J16: 1 | K16: =J16-L16 -> 0.72 | L16: 0.28 | M16: 5
A17: 6 | F17: 要冷 | G17: 7 | H17: 0 | I17: 0 | J17: 1 | K17: =J17-L17 -> 0.72 | L17: 0.28 | M17: 5
A18: 7 | B18: じゃが芋 | D18: M | E18: 3個 | F18: 常温 | G18: 10 | H18: 128 | I18: =ROUNDUP(H18*K18,0) -> 93 | J18: 1 | K18: =J18-L18 -> 0.72 | L18: 0.28 | M18: 3
A19: 8 | B19: 胡瓜 | E19: パック | G19: 5 | H19: 138 | I19: =ROUNDUP(H19*K19,0) -> 100 | J19: 1 | K19: =J19-L19 -> 0.72 | L19: 0.28 | M19: 3
A20: 9 | B20: トマト | E20: ２個 | H20: 238 | I20: 215 | J20: 2 | K20: =J20-L20 -> 1.72 | L20: 0.28 | M20: 3
A21: 10 | B21: レタス | D21: パック | G21: 7 | H21: 258 | I21: =ROUNDUP(H21*K21,0) -> 186 | J21: 1 | K21: =J21-L21 -> 0.72 | L21: 0.28 | M21: 3
A22: 11 | B22: ミニトマト | D22: パック | G22: 5 | H22: 378 | I22: 287 | L22: 0.28 | M22: 3
A23: 12 | B23: ネギ(１本） | E23: 本 | F23: 要冷 | G23: 7 | H23: 108 | I23: =ROUNDUP(H23*K23,0) -> 78 | J23: 1 | K23: =J23-L23 -> 0.72 | L23: 0.28 | M23: 3
A24: 13 | B24: ピーマン | E24: パック | G24: 5 | H24: 198 | I24: =ROUNDUP(H24*K24,0) -> 143 | J24: 1 | K24: =J24-L24 -> 0.72 | L24: 0.28 | M24: 3
A25: 14 | B25: キャベツ | E25: 1/2カット | F25: 要冷 | G25: 5 | H25: 138 | I25: =ROUNDUP(H25*K25,0) -> 100 | J25: 1 | K25: =J25-L25 -> 0.72 | L25: 0.28 | M25: 2
A26: 15 | B26: キャベツ | E26: 1個 | F26: 要冷 | G26: 4 | H26: 358 | I26: =ROUNDUP(H26*K26,0) -> 258 | J26: 1 | K26: =J26-L26 -> 0.72 | L26: 0.28 | M26: 3
A27: 16 | B27: 白菜1/2 | F27: 要冷 | G27: 3 | H27: 108 | I27: =ROUNDUP(H27*K27,0) -> 78 | J27: 1 | K27: =J27-L27 -> 0.72 | L27: 0.28 | M27: 2
A28: 17 | B28: 小松菜 | E28: 袋 | F28: 要冷 | G28: 5 | H28: 168 | I28: =ROUNDUP(H28*K28,0) -> 121 | J28: 1 | K28: =J28-L28 -> 0.72 | L28: 0.28 | M28: 3
A29: 18 | B29: 大根1/2 | E29: 本 | F29: 要冷 | G29: 5 | H29: 148 | I29: =ROUNDUP(H29*K29,0) -> 107 | J29: 1 | K29: =J29-L29 -> 0.72 | L29: 0.28 | M29: 3
A30: 19 | B30: ほうれん草 | C30: 宮城 | E30: 袋 | F30: 要冷 | G30: 5 | H30: 238 | I30: =ROUNDUP(H30*K30,0) -> 172 | J30: 1 | K30: =J30-L30 -> 0.72 | L30: 0.28 | M30: 2
A31: 20 | B31: 茄子 | D31: 3本 | E31: パック | G31: 5 | H31: 178 | I31: =ROUNDUP(H31*K31,0) -> 129 | J31: 1 | K31: =J31-L31 -> 0.72 | L31: 0.28 | M31: 3
A32: 21 | B32: 国産生姜 | E32: パック | F32: 要冷 | G32: 7 | H32: 248 | I32: =ROUNDUP(H32*K32,0) -> 179 | J32: 1 | K32: =J32-L32 -> 0.72 | L32: 0.28 | M32: 3
A33: 22 | B33: アボカド | E33: 個 | F33: 両方 | G33: 5 | H33: 168 | I33: =ROUNDUP(H33*K33,0) -> 121 | J33: 1 | K33: =J33-L33 -> 0.72 | L33: 0.28 | M33: 3
A34: 23 | B34: さつま芋 | E34: パック | F34: 常温 | G34: 10 | H34: 258 | I34: =ROUNDUP(H34*K34,0) -> 186 | J34: 1 | K34: =J34-L34 -> 0.72 | L34: 0.28 | M34: 3
A35: 24 | B35: ごぼう | G35: 10 | H35: 198 | I35: =ROUNDUP(H35*K35,0) -> 143 | J35: 1 | K35: =J35-L35 -> 0.72 | L35: 0.28 | M35: 2
A36: 25 | F36: 要冷 | G36: 5 | I36: =ROUNDUP(H36*K36,0) -> 0 | J36: 1 | K36: =J36-L36 -> 0.72 | L36: 0.28 | M36: 3
A37: 26 | B37: えのき茸 | G37: 5 | H37: 178 | I37: =ROUNDUP(H37*K37,0) -> 129 | J37: 1 | K37: =J37-L37 -> 0.72 | L37: 0.28 | M37: 3
A38: 27 | B38: しめじ | G38: 5 | H38: 148 | I38: =ROUNDUP(H38*K38,0) -> 107 | J38: 1 | K38: =J38-L38 -> 0.72 | L38: 0.28 | M38: 3
A39: 28 | B39: しいたけ | G39: 4 | H39: 158 | I39: =ROUNDUP(H39*K39,0) -> 114 | J39: 1 | K39: =J39-L39 -> 0.72 | L39: 0.28 | M39: 3
A40: 29 | B40: まいたけ | G40: 5 | H40: 158 | I40: =ROUNDUP(H40*K40,0) -> 114 | J40: 1 | K40: =J40-L40 -> 0.72 | L40: 0.28 | M40: 2
A41: 30 | B41: エリンギ | G41: 5 | H41: 158 | I41: =ROUNDUP(H41*K41,0) -> 114 | J41: 1 | K41: =J41-L41 -> 0.72 | L41: 0.28 | M41: 2
A42: 31 | B42: なめこ | E42: 100ｇ | F42: 要冷 | G42: 5 | H42: 108 | I42: =ROUNDUP(H42*K42,0) -> 78 | J42: 1 | K42: =J42-L42 -> 0.72 | L42: 0.28 | M42: 3
A43: 32 | B43: 中国産ニンニク | E43: 3個入り | F43: 常温 | G43: 15 | H43: 168 | I43: =ROUNDUP(H43*K43,0) -> 121 | J43: 1 | K43: =J43-L43 -> 0.72 | L43: 0.28 | M43: 3
A44: 33 | B44: レモン | C44: 米国 | F44: 両方 | G44: 15 | H44: 138 | I44: =ROUNDUP(H44*K44,0) -> 100 | J44: 1 | K44: =J44-L44 -> 0.72 | L44: 0.28 | M44: 3
A45: 34 | B45: 甘夏 | D45: 2個 | E45: パック | F45: 要冷 | G45: 5 | H45: 238 | I45: =ROUNDUP(H45*K45,0) -> 172 | J45: 1 | K45: =J45-L45 -> 0.72 | L45: 0.28 | M45: 3
A46: 35 | B46: 大葉しそ | D46: １０枚 | E46: ﾊﾟｯｸ | G46: 4 | H46: 128 | I46: =ROUNDUP(H46*K46,0) -> 93 | J46: 1 | K46: =J46-L46 -> 0.72 | L46: 0.28 | M46: 3
A47: 36 | B47: 温州みかん | D47: 5個 | E47: パック | F47: 要冷 | G47: 5 | H47: 378 | I47: =ROUNDUP(H47*K47,0) -> 273 | J47: 1 | K47: =J47-L47 -> 0.72 | L47: 0.28 | M47: 3
A48: 37 | B48: ソルダム | E48: パック | G48: 7 | H48: 398 | I48: =ROUNDUP(H48*K48,0) -> 287 | J48: 1 | K48: =J48-L48 -> 0.72 | L48: 0.28 | M48: 2
A49: 38 | B49: オレンジ2個 | G49: 5 | H49: 248 | I49: =ROUNDUP(H49*K49,0) -> 179 | J49: 1 | K49: =J49-L49 -> 0.72 | L49: 0.28 | M49: 3
A50: 39 | B50: リンゴ | D50: パック | E50: 2個 | F50: 要冷 | G50: 3 | H50: 598 | I50: =ROUNDUP(H50*K50,0) -> 431 | J50: 1 | K50: =J50-L50 -> 0.72 | L50: 0.28 | M50: 2
A51: 40 | B51: メロン | E51: 4個 | G51: 5 | H51: 598 | I51: =ROUNDUP(H51*K51,0) -> 431 | J51: 1 | K51: =J51-L51 -> 0.72 | L51: 0.28 | M51: 2
A52: 41 | I52: =ROUNDUP(H52*K52,0) -> 0 | J52: 1 | K52: =J52-L52 -> 0.72 | L52: 0.28
A53: 42 | I53: =ROUNDUP(H53*K53,0) -> 0 | J53: 1 | K53: =J53-L53 -> 0.72 | L53: 0.28
A54: 43 | I54: =ROUNDUP(H54*K54,0) -> 0 | J54: 1 | K54: =J54-L54 -> 0.72 | L54: 0.28
A55: 44 | I55: =ROUNDUP(H55*K55,0) -> 0 | J55: 1 | K55: =J55-L55 -> 0.72 | L55: 0.28
A56: 45 | I56: =ROUNDUP(H56*K56,0) -> 0 | J56: 1 | K56: =J56-L56 -> 0.72 | L56: 0.28
A57: 46 | I57: =ROUNDUP(H57*K57,0) -> 0 | J57: 1 | K57: =J57-L57 -> 0.72 | L57: 0.28
A58: 47 | I58: =ROUNDUP(H58*K58,0) -> 0 | J58: 1 | K58: =J58-L58 -> 0.72 | L58: 0.28
A59: 48 | I59: =ROUNDUP(H59*K59,0) -> 0 | J59: 1 | K59: =J59-L59 -> 0.72 | L59: 0.28
A60: 49 | I60: =ROUNDUP(H60*K60,0) -> 0 | J60: 1 | K60: =J60-L60 -> 0.72 | L60: 0.28
A61: 50 | I61: =ROUNDUP(H61*K61,0) -> 0 | J61: 1 | K61: =J61-L61 -> 0.72 | L61: 0.28
A62: 51 | I62: =ROUNDUP(H62*K62,0) -> 0 | J62: 1 | K62: =J62-L62 -> 0.72 | L62: 0.28
A63: 52 | I63: =ROUNDUP(H63*K63,0) -> 0 | J63: 1 | K63: =J63-L63 -> 0.72 | L63: 0.28
B64: 送料 | I64: 0 | L64: 0.28 | N64: =IF(SUM(N13:N63)<>0,550,0) -> 0 | O64: =IF(SUM(O13:O63)<>0,550,0) -> 0
B66: FAX注文必着日時 | D66: 納品日 | G66: 🍅 旬ベジ情報 🍅
B67: 月曜日夜０時 | C67: → | D67: 木曜日 | G67: いつもお世話になっております。ありがとうございます。
B68: 木曜日夜０時 | C68: → | D68: 土曜日 | G68: 今週もどうぞよろしくお願いいたします。
B69: 日曜日夜０時 | C69: → | D69: 火曜日 | G69: 秋の果物が豊富な時期になってきました

Sheet 入力　発注書
B8: ファミリーマート様 | E8: 納品日： | G8: 46224 | AC8: 【集計】
G9: 3
B12: 品名 | C12: 産地 | D12: 規格 | E12: 規格 | F12: 保存 | G12: 賞味期限日数目安 | H12: 想定税込売価 | I12: 想定税込仕入額 | L12: 粗利益率 | M12: 最小発注ロット | N12: 仙台上愛子 | P12: 仙台高野原 | R12: 栗生4丁目 | T12: AA | V12: BB | X12: A | Z12: B | AC12: 数量 | AD12: 金額
A13: 1 | B13: =IF('印刷・FAX 発注書'!B13="","",'印刷・FAX 発注書'!B13) -> バナナ | C13: =IF('印刷・FAX 発注書'!C13="","",'印刷・FAX 発注書'!C13) | D13: =IF('印刷・FAX 発注書'!D13="","",'印刷・FAX 発注書'!D13) -> 太め | E13: =IF('印刷・FAX 発注書'!E13="","",'印刷・FAX 発注書'!E13) -> １本 | F13: =IF('印刷・FAX 発注書'!F13="","",'印刷・FAX 発注書'!F13) -> 常温 | G13: =IF('印刷・FAX 発注書'!G13="","",'印刷・FAX 発注書'!G13) -> 3 | H13: =IF('印刷・FAX 発注書'!H13="","",'印刷・FAX 発注書'!H13) -> 98 | I13: =IFERROR(ROUNDUP(H13*K13,0),"") -> 71 | J13: 1 | K13: =J13-L13 -> 0.72 | L13: ='印刷・FAX 発注書'!L13 -> 0.28 | M13: =IF('印刷・FAX 発注書'!M13="","",'印刷・FAX 発注書'!M13) -> 4 | O13: =IFERROR($M13*N13,0) -> 0 | Q13: =IFERROR($M13*P13,0) -> 0 | S13: =IFERROR($M13*R13,0) -> 0 | U13: =IFERROR($M13*T13,0) -> 0 | W13: =IFERROR($M13*V13,0) -> 0 | Y13: =IFERROR($M13*X13,0) -> 0 | AA13: =IFERROR($M13*Z13,0) -> 0 | AC13: =IFERROR((N13+P13+R13)*M13,"") -> 0 | AD13: =IFERROR(I13*AC13,"") -> 0
A14: 2 | B14: =IF('印刷・FAX 発注書'!B14="","",'印刷・FAX 発注書'!B14) -> バナナ | C14: =IF('印刷・FAX 発注書'!C14="","",'印刷・FAX 発注書'!C14) | D14: =IF('印刷・FAX 発注書'!D14="","",'印刷・FAX 発注書'!D14) | E14: =IF('印刷・FAX 発注書'!E14="","",'印刷・FAX 発注書'!E14) -> パック | F14: =IF('印刷・FAX 発注書'!F14="","",'印刷・FAX 発注書'!F14) | G14: =IF('印刷・FAX 発注書'!G14="","",'印刷・FAX 発注書'!G14) -> 3 | H14: =IF('印刷・FAX 発注書'!H14="","",'印刷・FAX 発注書'!H14) -> 216 | I14: =IFERROR(ROUNDUP(H14*K14,0),"") -> 156 | J14: 1 | K14: =J14-L14 -> 0.72 | L14: ='印刷・FAX 発注書'!L14 -> 0.28 | M14: =IF('印刷・FAX 発注書'!M14="","",'印刷・FAX 発注書'!M14) -> 5 | O14: =IFERROR($M14*N14,0) -> 0 | P14: 1 | Q14: =IFERROR($M14*P14,0) -> 5 | S14: =IFERROR($M14*R14,0) -> 0 | U14: =IFERROR($M14*T14,0) -> 0 | W14: =IFERROR($M14*V14,0) -> 0 | Y14: =IFERROR($M14*X14,0) -> 0 | AA14: =IFERROR($M14*Z14,0) -> 0 | AC14: =IFERROR((N14+P14+R14)*M14,"") -> 5 | AD14: =IFERROR(I14*AC14,"") -> 780
A15: 3 | B15: =IF('印刷・FAX 発注書'!B15="","",'印刷・FAX 発注書'!B15) -> 新玉ねぎ | C15: =IF('印刷・FAX 発注書'!C15="","",'印刷・FAX 発注書'!C15) | D15: =IF('印刷・FAX 発注書'!D15="","",'印刷・FAX 発注書'!D15) -> M | E15: =IF('印刷・FAX 発注書'!E15="","",'印刷・FAX 発注書'!E15) -> 2個 | F15: =IF('印刷・FAX 発注書'!F15="","",'印刷・FAX 発注書'!F15) | G15: =IF('印刷・FAX 発注書'!G15="","",'印刷・FAX 発注書'!G15) | H15: =IF('印刷・FAX 発注書'!H15="","",'印刷・FAX 発注書'!H15) -> 158 | I15: =IFERROR(ROUNDUP(H15*K15,0),"") -> 272 | J15: 2 | K15: =J15-L15 -> 1.72 | L15: ='印刷・FAX 発注書'!L15 -> 0.28 | M15: =IF('印刷・FAX 発注書'!M15="","",'印刷・FAX 発注書'!M15) -> 5 | O15: =IFERROR($M15*N15,0) -> 0 | Q15: =IFERROR($M15*P15,0) -> 0 | S15: =IFERROR($M15*R15,0) -> 0 | U15: =IFERROR($M15*T15,0) -> 0 | W15: =IFERROR($M15*V15,0) -> 0 | Y15: =IFERROR($M15*X15,0) -> 0 | AA15: =IFERROR($M15*Z15,0) -> 0 | AC15: =IFERROR((N15+P15+R15)*M15,"") -> 0 | AD15: =IFERROR(I15*AC15,"") -> 0
A16: 4 | B16: =IF('印刷・FAX 発注書'!B15="","",'印刷・FAX 発注書'!B15) -> 新玉ねぎ | C16: =IF('印刷・FAX 発注書'!C15="","",'印刷・FAX 発注書'!C15) | D16: =IF('印刷・FAX 発注書'!D15="","",'印刷・FAX 発注書'!D15) -> M | E16: =IF('印刷・FAX 発注書'!E15="","",'印刷・FAX 発注書'!E15) -> 2個 | F16: =IF('印刷・FAX 発注書'!F15="","",'印刷・FAX 発注書'!F15) | G16: =IF('印刷・FAX 発注書'!G15="","",'印刷・FAX 発注書'!G15) | H16: =IF('印刷・FAX 発注書'!H15="","",'印刷・FAX 発注書'!H15) -> 158 | I16: =IFERROR(ROUNDUP(H16*K16,0),"") -> 114 | J16: 1 | K16: =J16-L16 -> 0.72 | L16: ='印刷・FAX 発注書'!L15 -> 0.28 | M16: =IF('印刷・FAX 発注書'!M15="","",'印刷・FAX 発注書'!M15) -> 5 | O16: =IFERROR($M16*N16,0) -> 0 | P16: 1 | Q16: =IFERROR($M16*P16,0) -> 5 | S16: =IFERROR($M16*R16,0) -> 0 | U16: =IFERROR($M16*T16,0) -> 0 | W16: =IFERROR($M16*V16,0) -> 0 | Y16: =IFERROR($M16*X16,0) -> 0 | AA16: =IFERROR($M16*Z16,0) -> 0 | AC16: =IFERROR((N16+P16+R16)*M16,"") -> 5 | AD16: =IFERROR(I16*AC16,"") -> 570
A17: 5 | B17: =IF('印刷・FAX 発注書'!B16="","",'印刷・FAX 発注書'!B16) -> 人参（冷蔵保存） | C17: =IF('印刷・FAX 発注書'!C16="","",'印刷・FAX 発注書'!C16) | D17: =IF('印刷・FAX 発注書'!D16="","",'印刷・FAX 発注書'!D16) -> S~L | E17: =IF('印刷・FAX 発注書'!E16="","",'印刷・FAX 発注書'!E16) | F17: =IF('印刷・FAX 発注書'!F16="","",'印刷・FAX 発注書'!F16) | G17: =IF('印刷・FAX 発注書'!G16="","",'印刷・FAX 発注書'!G16) -> 5 | H17: =IF('印刷・FAX 発注書'!H16="","",'印刷・FAX 発注書'!H16) -> 128 | I17: =IFERROR(ROUNDUP(H17*K17,0),"") -> 93 | J17: 1 | K17: =J17-L17 -> 0.72 | L17: ='印刷・FAX 発注書'!L16 -> 0.28 | M17: =IF('印刷・FAX 発注書'!M16="","",'印刷・FAX 発注書'!M16) -> 5 | O17: =IFERROR($M17*N17,0) -> 0 | Q17: =IFERROR($M17*P17,0) -> 0 | S17: =IFERROR($M17*R17,0) -> 0 | U17: =IFERROR($M17*T17,0) -> 0 | W17: =IFERROR($M17*V17,0) -> 0 | Y17: =IFERROR($M17*X17,0) -> 0 | AA17: =IFERROR($M17*Z17,0) -> 0 | AC17: =IFERROR((N17+P17+R17)*M17,"") -> 0 | AD17: =IFERROR(I17*AC17,"") -> 0
A18: 6 | B18: =IF('印刷・FAX 発注書'!B17="","",'印刷・FAX 発注書'!B17) | C18: =IF('印刷・FAX 発注書'!C17="","",'印刷・FAX 発注書'!C17) | D18: =IF('印刷・FAX 発注書'!D17="","",'印刷・FAX 発注書'!D17) | E18: =IF('印刷・FAX 発注書'!E17="","",'印刷・FAX 発注書'!E17) | F18: =IF('印刷・FAX 発注書'!F17="","",'印刷・FAX 発注書'!F17) -> 要冷 | G18: =IF('印刷・FAX 発注書'!G17="","",'印刷・FAX 発注書'!G17) -> 7 | H18: =IF('印刷・FAX 発注書'!H17="","",'印刷・FAX 発注書'!H17) -> 0 | I18: =IFERROR(ROUNDUP(H18*K18,0),"") -> 0 | J18: 1 | K18: =J18-L18 -> 0.72 | L18: ='印刷・FAX 発注書'!L17 -> 0.28 | M18: =IF('印刷・FAX 発注書'!M17="","",'印刷・FAX 発注書'!M17) -> 5 | O18: =IFERROR($M18*N18,0) -> 0 | Q18: =IFERROR($M18*P18,0) -> 0 | S18: =IFERROR($M18*R18,0) -> 0 | U18: =IFERROR($M18*T18,0) -> 0 | W18: =IFERROR($M18*V18,0) -> 0 | Y18: =IFERROR($M18*X18,0) -> 0 | AA18: =IFERROR($M18*Z18,0) -> 0 | AC18: =IFERROR((N18+P18+R18)*M18,"") -> 0 | AD18: =IFERROR(I18*AC18,"") -> 0
A19: 7 | B19: =IF('印刷・FAX 発注書'!B18="","",'印刷・FAX 発注書'!B18) -> じゃが芋 | C19: =IF('印刷・FAX 発注書'!C18="","",'印刷・FAX 発注書'!C18) | D19: =IF('印刷・FAX 発注書'!D18="","",'印刷・FAX 発注書'!D18) -> M | E19: =IF('印刷・FAX 発注書'!E18="","",'印刷・FAX 発注書'!E18) -> 3個 | F19: =IF('印刷・FAX 発注書'!F18="","",'印刷・FAX 発注書'!F18) -> 常温 | G19: =IF('印刷・FAX 発注書'!G18="","",'印刷・FAX 発注書'!G18) -> 10 | H19: =IF('印刷・FAX 発注書'!H18="","",'印刷・FAX 発注書'!H18) -> 128 | I19: =IFERROR(ROUNDUP(H19*K19,0),"") -> 93 | J19: 1 | K19: =J19-L19 -> 0.72 | L19: ='印刷・FAX 発注書'!L18 -> 0.28 | M19: =IF('印刷・FAX 発注書'!M18="","",'印刷・FAX 発注書'!M18) -> 3 | O19: =IFERROR($M19*N19,0) -> 0 | Q19: =IFERROR($M19*P19,0) -> 0 | S19: =IFERROR($M19*R19,0) -> 0 | U19: =IFERROR($M19*T19,0) -> 0 | W19: =IFERROR($M19*V19,0) -> 0 | Y19: =IFERROR($M19*X19,0) -> 0 | AA19: =IFERROR($M19*Z19,0) -> 0 | AC19: =IFERROR((N19+P19+R19)*M19,"") -> 0 | AD19: =IFERROR(I19*AC19,"") -> 0
A20: 8 | B20: =IF('印刷・FAX 発注書'!B19="","",'印刷・FAX 発注書'!B19) -> 胡瓜 | C20: =IF('印刷・FAX 発注書'!C19="","",'印刷・FAX 発注書'!C19) | D20: =IF('印刷・FAX 発注書'!D19="","",'印刷・FAX 発注書'!D19) | E20: =IF('印刷・FAX 発注書'!E19="","",'印刷・FAX 発注書'!E19) -> パック | F20: =IF('印刷・FAX 発注書'!F19="","",'印刷・FAX 発注書'!F19) | G20: =IF('印刷・FAX 発注書'!G19="","",'印刷・FAX 発注書'!G19) -> 5 | H20: =IF('印刷・FAX 発注書'!H19="","",'印刷・FAX 発注書'!H19) -> 138 | I20: =IFERROR(ROUNDUP(H20*K20,0),"") -> 100 | J20: 1 | K20: =J20-L20 -> 0.72 | L20: ='印刷・FAX 発注書'!L19 -> 0.28 | M20: =IF('印刷・FAX 発注書'!M19="","",'印刷・FAX 発注書'!M19) -> 3 | O20: =IFERROR($M20*N20,0) -> 0 | Q20: =IFERROR($M20*P20,0) -> 0 | S20: =IFERROR($M20*R20,0) -> 0 | U20: =IFERROR($M20*T20,0) -> 0 | W20: =IFERROR($M20*V20,0) -> 0 | Y20: =IFERROR($M20*X20,0) -> 0 | AA20: =IFERROR($M20*Z20,0) -> 0 | AC20: =IFERROR((N20+P20+R20)*M20,"") -> 0 | AD20: =IFERROR(I20*AC20,"") -> 0
A21: 9 | B21: =IF('印刷・FAX 発注書'!B20="","",'印刷・FAX 発注書'!B20) -> トマト | C21: =IF('印刷・FAX 発注書'!C20="","",'印刷・FAX 発注書'!C20) | D21: =IF('印刷・FAX 発注書'!D20="","",'印刷・FAX 発注書'!D20) | E21: =IF('印刷・FAX 発注書'!E20="","",'印刷・FAX 発注書'!E20) -> ２個 | F21: =IF('印刷・FAX 発注書'!F20="","",'印刷・FAX 発注書'!F20) | G21: =IF('印刷・FAX 発注書'!G20="","",'印刷・FAX 発注書'!G20) | H21: =IF('印刷・FAX 発注書'!H20="","",'印刷・FAX 発注書'!H20) -> 238 | I21: =IFERROR(ROUNDUP(H21*K21,0),"") -> 172 | J21: 1 | K21: =J21-L21 -> 0.72 | L21: ='印刷・FAX 発注書'!L20 -> 0.28 | M21: =IF('印刷・FAX 発注書'!M20="","",'印刷・FAX 発注書'!M20) -> 3 | O21: =IFERROR($M21*N21,0) -> 0 | Q21: =IFERROR($M21*P21,0) -> 0 | S21: =IFERROR($M21*R21,0) -> 0 | U21: =IFERROR($M21*T21,0) -> 0 | W21: =IFERROR($M21*V21,0) -> 0 | Y21: =IFERROR($M21*X21,0) -> 0 | AA21: =IFERROR($M21*Z21,0) -> 0 | AC21: =IFERROR((N21+P21+R21)*M21,"") -> 0 | AD21: =IFERROR(I21*AC21,"") -> 0
A22: 10 | B22: =IF('印刷・FAX 発注書'!B21="","",'印刷・FAX 発注書'!B21) -> レタス | C22: =IF('印刷・FAX 発注書'!C21="","",'印刷・FAX 発注書'!C21) | D22: =IF('印刷・FAX 発注書'!D21="","",'印刷・FAX 発注書'!D21) -> パック | E22: =IF('印刷・FAX 発注書'!E21="","",'印刷・FAX 発注書'!E21) | F22: =IF('印刷・FAX 発注書'!F21="","",'印刷・FAX 発注書'!F21) | G22: =IF('印刷・FAX 発注書'!G21="","",'印刷・FAX 発注書'!G21) -> 7 | H22: =IF('印刷・FAX 発注書'!H21="","",'印刷・FAX 発注書'!H21) -> 258 | I22: =IFERROR(ROUNDUP(H22*K22,0),"") -> 186 | J22: 1 | K22: =J22-L22 -> 0.72 | L22: ='印刷・FAX 発注書'!L21 -> 0.28 | M22: =IF('印刷・FAX 発注書'!M21="","",'印刷・FAX 発注書'!M21) -> 3 | O22: =IFERROR($M22*N22,0) -> 0 | Q22: =IFERROR($M22*P22,0) -> 0 | S22: =IFERROR($M22*R22,0) -> 0 | U22: =IFERROR($M22*T22,0) -> 0 | W22: =IFERROR($M22*V22,0) -> 0 | Y22: =IFERROR($M22*X22,0) -> 0 | AA22: =IFERROR($M22*Z22,0) -> 0 | AC22: =IFERROR((N22+P22+R22)*M22,"") -> 0 | AD22: =IFERROR(I22*AC22,"") -> 0
A23: 11 | B23: =IF('印刷・FAX 発注書'!B22="","",'印刷・FAX 発注書'!B22) -> ミニトマト | C23: =IF('印刷・FAX 発注書'!C22="","",'印刷・FAX 発注書'!C22) | D23: =IF('印刷・FAX 発注書'!D22="","",'印刷・FAX 発注書'!D22) -> パック | E23: =IF('印刷・FAX 発注書'!E22="","",'印刷・FAX 発注書'!E22) | F23: =IF('印刷・FAX 発注書'!F22="","",'印刷・FAX 発注書'!F22) | G23: =IF('印刷・FAX 発注書'!G22="","",'印刷・FAX 発注書'!G22) -> 5 | H23: =IF('印刷・FAX 発注書'!H22="","",'印刷・FAX 発注書'!H22) -> 378 | I23: =IFERROR(ROUNDUP(H23*K23,0),"") -> 273 | J23: 1 | K23: =J23-L23 -> 0.72 | L23: ='印刷・FAX 発注書'!L22 -> 0.28 | M23: =IF('印刷・FAX 発注書'!M22="","",'印刷・FAX 発注書'!M22) -> 3 | O23: =IFERROR($M23*N23,0) -> 0 | Q23: =IFERROR($M23*P23,0) -> 0 | S23: =IFERROR($M23*R23,0) -> 0 | U23: =IFERROR($M23*T23,0) -> 0 | W23: =IFERROR($M23*V23,0) -> 0 | Y23: =IFERROR($M23*X23,0) -> 0 | AA23: =IFERROR($M23*Z23,0) -> 0 | AC23: =IFERROR((N23+P23+R23)*M23,"") -> 0 | AD23: =IFERROR(I23*AC23,"") -> 0
A24: 12 | B24: =IF('印刷・FAX 発注書'!B23="","",'印刷・FAX 発注書'!B23) -> ネギ(１本） | C24: =IF('印刷・FAX 発注書'!C23="","",'印刷・FAX 発注書'!C23) | D24: =IF('印刷・FAX 発注書'!D23="","",'印刷・FAX 発注書'!D23) | E24: =IF('印刷・FAX 発注書'!E23="","",'印刷・FAX 発注書'!E23) -> 本 | F24: =IF('印刷・FAX 発注書'!F23="","",'印刷・FAX 発注書'!F23) -> 要冷 | G24: =IF('印刷・FAX 発注書'!G23="","",'印刷・FAX 発注書'!G23) -> 7 | H24: =IF('印刷・FAX 発注書'!H23="","",'印刷・FAX 発注書'!H23) -> 108 | I24: =IFERROR(ROUNDUP(H24*K24,0),"") -> 78 | J24: 1 | K24: =J24-L24 -> 0.72 | L24: ='印刷・FAX 発注書'!L23 -> 0.28 | M24: =IF('印刷・FAX 発注書'!M23="","",'印刷・FAX 発注書'!M23) -> 3 | O24: =IFERROR($M24*N24,0) -> 0 | P24: 1 | Q24: =IFERROR($M24*P24,0) -> 3 | S24: =IFERROR($M24*R24,0) -> 0 | U24: =IFERROR($M24*T24,0) -> 0 | W24: =IFERROR($M24*V24,0) -> 0 | Y24: =IFERROR($M24*X24,0) -> 0 | AA24: =IFERROR($M24*Z24,0) -> 0 | AC24: =IFERROR((N24+P24+R24)*M24,"") -> 3 | AD24: =IFERROR(I24*AC24,"") -> 234
A25: 13 | B25: =IF('印刷・FAX 発注書'!B24="","",'印刷・FAX 発注書'!B24) -> ピーマン | C25: =IF('印刷・FAX 発注書'!C24="","",'印刷・FAX 発注書'!C24) | D25: =IF('印刷・FAX 発注書'!D24="","",'印刷・FAX 発注書'!D24) | E25: =IF('印刷・FAX 発注書'!E24="","",'印刷・FAX 発注書'!E24) -> パック | F25: =IF('印刷・FAX 発注書'!F24="","",'印刷・FAX 発注書'!F24) | G25: =IF('印刷・FAX 発注書'!G24="","",'印刷・FAX 発注書'!G24) -> 5 | H25: =IF('印刷・FAX 発注書'!H24="","",'印刷・FAX 発注書'!H24) -> 198 | I25: =IFERROR(ROUNDUP(H25*K25,0),"") -> 143 | J25: 1 | K25: =J25-L25 -> 0.72 | L25: ='印刷・FAX 発注書'!L24 -> 0.28 | M25: =IF('印刷・FAX 発注書'!M24="","",'印刷・FAX 発注書'!M24) -> 3 | O25: =IFERROR($M25*N25,0) -> 0 | Q25: =IFERROR($M25*P25,0) -> 0 | S25: =IFERROR($M25*R25,0) -> 0 | U25: =IFERROR($M25*T25,0) -> 0 | W25: =IFERROR($M25*V25,0) -> 0 | Y25: =IFERROR($M25*X25,0) -> 0 | AA25: =IFERROR($M25*Z25,0) -> 0 | AC25: =IFERROR((N25+P25+R25)*M25,"") -> 0 | AD25: =IFERROR(I25*AC25,"") -> 0
A26: 14 | B26: =IF('印刷・FAX 発注書'!B25="","",'印刷・FAX 発注書'!B25) -> キャベツ | C26: =IF('印刷・FAX 発注書'!C25="","",'印刷・FAX 発注書'!C25) | D26: =IF('印刷・FAX 発注書'!D25="","",'印刷・FAX 発注書'!D25) | E26: =IF('印刷・FAX 発注書'!E25="","",'印刷・FAX 発注書'!E25) -> 1/2カット | F26: =IF('印刷・FAX 発注書'!F25="","",'印刷・FAX 発注書'!F25) -> 要冷 | G26: =IF('印刷・FAX 発注書'!G25="","",'印刷・FAX 発注書'!G25) -> 5 | H26: =IF('印刷・FAX 発注書'!H25="","",'印刷・FAX 発注書'!H25) -> 138 | I26: =IFERROR(ROUNDUP(H26*K26,0),"") -> 100 | J26: 1 | K26: =J26-L26 -> 0.72 | L26: ='印刷・FAX 発注書'!L25 -> 0.28 | M26: =IF('印刷・FAX 発注書'!M25="","",'印刷・FAX 発注書'!M25) -> 2 | O26: =IFERROR($M26*N26,0) -> 0 | P26: 1 | Q26: =IFERROR($M26*P26,0) -> 2 | S26: =IFERROR($M26*R26,0) -> 0 | U26: =IFERROR($M26*T26,0) -> 0 | W26: =IFERROR($M26*V26,0) -> 0 | Y26: =IFERROR($M26*X26,0) -> 0 | AA26: =IFERROR($M26*Z26,0) -> 0 | AC26: =IFERROR((N26+P26+R26)*M26,"") -> 2 | AD26: =IFERROR(I26*AC26,"") -> 200
A27: 15 | B27: =IF('印刷・FAX 発注書'!B26="","",'印刷・FAX 発注書'!B26) -> キャベツ | C27: =IF('印刷・FAX 発注書'!C26="","",'印刷・FAX 発注書'!C26) | D27: =IF('印刷・FAX 発注書'!D26="","",'印刷・FAX 発注書'!D26) | E27: =IF('印刷・FAX 発注書'!E26="","",'印刷・FAX 発注書'!E26) -> 1個 | F27: =IF('印刷・FAX 発注書'!F26="","",'印刷・FAX 発注書'!F26) -> 要冷 | G27: =IF('印刷・FAX 発注書'!G26="","",'印刷・FAX 発注書'!G26) -> 4 | H27: =IF('印刷・FAX 発注書'!H26="","",'印刷・FAX 発注書'!H26) -> 358 | I27: =IFERROR(ROUNDUP(H27*K27,0),"") -> 258 | J27: 1 | K27: =J27-L27 -> 0.72 | L27: ='印刷・FAX 発注書'!L26 -> 0.28 | M27: =IF('印刷・FAX 発注書'!M26="","",'印刷・FAX 発注書'!M26) -> 3 | O27: =IFERROR($M27*N27,0) -> 0 | Q27: =IFERROR($M27*P27,0) -> 0 | S27: =IFERROR($M27*R27,0) -> 0 | U27: =IFERROR($M27*T27,0) -> 0 | W27: =IFERROR($M27*V27,0) -> 0 | Y27: =IFERROR($M27*X27,0) -> 0 | AA27: =IFERROR($M27*Z27,0) -> 0 | AC27: =IFERROR((N27+P27+R27)*M27,"") -> 0 | AD27: =IFERROR(I27*AC27,"") -> 0
A28: 16 | B28: =IF('印刷・FAX 発注書'!B27="","",'印刷・FAX 発注書'!B27) -> 白菜1/2 | C28: =IF('印刷・FAX 発注書'!C27="","",'印刷・FAX 発注書'!C27) | D28: =IF('印刷・FAX 発注書'!D27="","",'印刷・FAX 発注書'!D27) | E28: =IF('印刷・FAX 発注書'!E27="","",'印刷・FAX 発注書'!E27) | F28: =IF('印刷・FAX 発注書'!F27="","",'印刷・FAX 発注書'!F27) -> 要冷 | G28: =IF('印刷・FAX 発注書'!G27="","",'印刷・FAX 発注書'!G27) -> 3 | H28: =IF('印刷・FAX 発注書'!H27="","",'印刷・FAX 発注書'!H27) -> 108 | I28: =IFERROR(ROUNDUP(H28*K28,0),"") -> 78 | J28: 1 | K28: =J28-L28 -> 0.72 | L28: ='印刷・FAX 発注書'!L27 -> 0.28 | M28: =IF('印刷・FAX 発注書'!M27="","",'印刷・FAX 発注書'!M27) -> 2 | O28: =IFERROR($M28*N28,0) -> 0 | Q28: =IFERROR($M28*P28,0) -> 0 | S28: =IFERROR($M28*R28,0) -> 0 | U28: =IFERROR($M28*T28,0) -> 0 | W28: =IFERROR($M28*V28,0) -> 0 | Y28: =IFERROR($M28*X28,0) -> 0 | AA28: =IFERROR($M28*Z28,0) -> 0 | AC28: =IFERROR((N28+P28+R28)*M28,"") -> 0 | AD28: =IFERROR(I28*AC28,"") -> 0
A29: 17 | B29: =IF('印刷・FAX 発注書'!B28="","",'印刷・FAX 発注書'!B28) -> 小松菜 | C29: =IF('印刷・FAX 発注書'!#REF!="","",'印刷・FAX 発注書'!#REF!) -> #REF! | D29: =IF('印刷・FAX 発注書'!#REF!="","",'印刷・FAX 発注書'!#REF!) -> #REF! | E29: =IF('印刷・FAX 発注書'!E28="","",'印刷・FAX 発注書'!E28) -> 袋 | F29: =IF('印刷・FAX 発注書'!F28="","",'印刷・FAX 発注書'!F28) -> 要冷 | G29: =IF('印刷・FAX 発注書'!G28="","",'印刷・FAX 発注書'!G28) -> 5 | H29: =IF('印刷・FAX 発注書'!H28="","",'印刷・FAX 発注書'!H28) -> 168 | I29: =IFERROR(ROUNDUP(H29*K29,0),"") -> 121 | J29: 1 | K29: =J29-L29 -> 0.72 | L29: ='印刷・FAX 発注書'!L28 -> 0.28 | M29: =IF('印刷・FAX 発注書'!M28="","",'印刷・FAX 発注書'!M28) -> 3 | O29: =IFERROR($M29*N29,0) -> 0 | Q29: =IFERROR($M29*P29,0) -> 0 | S29: =IFERROR($M29*R29,0) -> 0 | U29: =IFERROR($M29*T29,0) -> 0 | W29: =IFERROR($M29*V29,0) -> 0 | Y29: =IFERROR($M29*X29,0) -> 0 | AA29: =IFERROR($M29*Z29,0) -> 0 | AC29: =IFERROR((N29+P29+R29)*M29,"") -> 0 | AD29: =IFERROR(I29*AC29,"") -> 0
A30: 18 | B30: =IF('印刷・FAX 発注書'!B29="","",'印刷・FAX 発注書'!B29) -> 大根1/2 | C30: =IF('印刷・FAX 発注書'!C28="","",'印刷・FAX 発注書'!C28) | D30: =IF('印刷・FAX 発注書'!D28="","",'印刷・FAX 発注書'!D28) | E30: =IF('印刷・FAX 発注書'!E29="","",'印刷・FAX 発注書'!E29) -> 本 | F30: =IF('印刷・FAX 発注書'!F29="","",'印刷・FAX 発注書'!F29) -> 要冷 | G30: =IF('印刷・FAX 発注書'!G29="","",'印刷・FAX 発注書'!G29) -> 5 | H30: =IF('印刷・FAX 発注書'!H29="","",'印刷・FAX 発注書'!H29) -> 148 | I30: =IFERROR(ROUNDUP(H30*K30,0),"") -> 107 | J30: 1 | K30: =J30-L30 -> 0.72 | L30: ='印刷・FAX 発注書'!L29 -> 0.28 | M30: =IF('印刷・FAX 発注書'!M29="","",'印刷・FAX 発注書'!M29) -> 3 | O30: =IFERROR($M30*N30,0) -> 0 | Q30: =IFERROR($M30*P30,0) -> 0 | S30: =IFERROR($M30*R30,0) -> 0 | U30: =IFERROR($M30*T30,0) -> 0 | W30: =IFERROR($M30*V30,0) -> 0 | Y30: =IFERROR($M30*X30,0) -> 0 | AA30: =IFERROR($M30*Z30,0) -> 0 | AC30: =IFERROR((N30+P30+R30)*M30,"") -> 0 | AD30: =IFERROR(I30*AC30,"") -> 0
A31: 19 | B31: =IF('印刷・FAX 発注書'!B30="","",'印刷・FAX 発注書'!B30) -> ほうれん草 | C31: =IF('印刷・FAX 発注書'!C29="","",'印刷・FAX 発注書'!C29) | D31: =IF('印刷・FAX 発注書'!D29="","",'印刷・FAX 発注書'!D29) | E31: =IF('印刷・FAX 発注書'!E30="","",'印刷・FAX 発注書'!E30) -> 袋 | F31: =IF('印刷・FAX 発注書'!F30="","",'印刷・FAX 発注書'!F30) -> 要冷 | G31: =IF('印刷・FAX 発注書'!G30="","",'印刷・FAX 発注書'!G30) -> 5 | H31: =IF('印刷・FAX 発注書'!H30="","",'印刷・FAX 発注書'!H30) -> 238 | I31: =IFERROR(ROUNDUP(H31*K31,0),"") -> 172 | J31: 1 | K31: =J31-L31 -> 0.72 | L31: ='印刷・FAX 発注書'!L30 -> 0.28 | M31: =IF('印刷・FAX 発注書'!M30="","",'印刷・FAX 発注書'!M30) -> 2 | O31: =IFERROR($M31*N31,0) -> 0 | Q31: =IFERROR($M31*P31,0) -> 0 | S31: =IFERROR($M31*R31,0) -> 0 | U31: =IFERROR($M31*T31,0) -> 0 | W31: =IFERROR($M31*V31,0) -> 0 | Y31: =IFERROR($M31*X31,0) -> 0 | AA31: =IFERROR($M31*Z31,0) -> 0 | AC31: =IFERROR((N31+P31+R31)*M31,"") -> 0 | AD31: =IFERROR(I31*AC31,"") -> 0
A32: 20 | B32: =IF('印刷・FAX 発注書'!B31="","",'印刷・FAX 発注書'!B31) -> 茄子 | C32: =IF('印刷・FAX 発注書'!C30="","",'印刷・FAX 発注書'!C30) -> 宮城 | D32: =IF('印刷・FAX 発注書'!D30="","",'印刷・FAX 発注書'!D30) | E32: =IF('印刷・FAX 発注書'!E31="","",'印刷・FAX 発注書'!E31) -> パック | F32: =IF('印刷・FAX 発注書'!F31="","",'印刷・FAX 発注書'!F31) | G32: =IF('印刷・FAX 発注書'!G31="","",'印刷・FAX 発注書'!G31) -> 5 | H32: =IF('印刷・FAX 発注書'!H31="","",'印刷・FAX 発注書'!H31) -> 178 | I32: =IFERROR(ROUNDUP(H32*K32,0),"") -> 129 | J32: 1 | K32: =J32-L32 -> 0.72 | L32: ='印刷・FAX 発注書'!L31 -> 0.28 | M32: =IF('印刷・FAX 発注書'!M31="","",'印刷・FAX 発注書'!M31) -> 3 | O32: =IFERROR($M32*N32,0) -> 0 | Q32: =IFERROR($M32*P32,0) -> 0 | S32: =IFERROR($M32*R32,0) -> 0 | U32: =IFERROR($M32*T32,0) -> 0 | W32: =IFERROR($M32*V32,0) -> 0 | Y32: =IFERROR($M32*X32,0) -> 0 | AA32: =IFERROR($M32*Z32,0) -> 0 | AC32: =IFERROR((N32+P32+R32)*M32,"") -> 0 | AD32: =IFERROR(I32*AC32,"") -> 0
A33: 21 | B33: =IF('印刷・FAX 発注書'!B32="","",'印刷・FAX 発注書'!B32) -> 国産生姜 | C33: =IF('印刷・FAX 発注書'!#REF!="","",'印刷・FAX 発注書'!#REF!) -> #REF! | D33: =IF('印刷・FAX 発注書'!#REF!="","",'印刷・FAX 発注書'!#REF!) -> #REF! | E33: =IF('印刷・FAX 発注書'!E32="","",'印刷・FAX 発注書'!E32) -> パック | F33: =IF('印刷・FAX 発注書'!F32="","",'印刷・FAX 発注書'!F32) -> 要冷 | G33: =IF('印刷・FAX 発注書'!G32="","",'印刷・FAX 発注書'!G32) -> 7 | H33: =IF('印刷・FAX 発注書'!H32="","",'印刷・FAX 発注書'!H32) -> 248 | I33: =IFERROR(ROUNDUP(H33*K33,0),"") -> 179 | J33: 1 | K33: =J33-L33 -> 0.72 | L33: ='印刷・FAX 発注書'!L32 -> 0.28 | M33: =IF('印刷・FAX 発注書'!M32="","",'印刷・FAX 発注書'!M32) -> 3 | O33: =IFERROR($M33*N33,0) -> 0 | P33: 1 | Q33: =IFERROR($M33*P33,0) -> 3 | S33: =IFERROR($M33*R33,0) -> 0 | U33: =IFERROR($M33*T33,0) -> 0 | W33: =IFERROR($M33*V33,0) -> 0 | Y33: =IFERROR($M33*X33,0) -> 0 | AA33: =IFERROR($M33*Z33,0) -> 0 | AC33: =IFERROR((N33+P33+R33)*M33,"") -> 3 | AD33: =IFERROR(I33*AC33,"") -> 537
A34: 22 | B34: =IF('印刷・FAX 発注書'!B33="","",'印刷・FAX 発注書'!B33) -> アボカド | C34: =IF('印刷・FAX 発注書'!C31="","",'印刷・FAX 発注書'!C31) | D34: =IF('印刷・FAX 発注書'!D31="","",'印刷・FAX 発注書'!D31) -> 3本 | E34: =IF('印刷・FAX 発注書'!E33="","",'印刷・FAX 発注書'!E33) -> 個 | F34: =IF('印刷・FAX 発注書'!F33="","",'印刷・FAX 発注書'!F33) -> 両方 | G34: =IF('印刷・FAX 発注書'!G33="","",'印刷・FAX 発注書'!G33) -> 5 | H34: =IF('印刷・FAX 発注書'!H33="","",'印刷・FAX 発注書'!H33) -> 168 | I34: =IFERROR(ROUNDUP(H34*K34,0),"") -> 121 | J34: 1 | K34: =J34-L34 -> 0.72 | L34: ='印刷・FAX 発注書'!L33 -> 0.28 | M34: =IF('印刷・FAX 発注書'!M33="","",'印刷・FAX 発注書'!M33) -> 3 | O34: =IFERROR($M34*N34,0) -> 0 | Q34: =IFERROR($M34*P34,0) -> 0 | S34: =IFERROR($M34*R34,0) -> 0 | U34: =IFERROR($M34*T34,0) -> 0 | W34: =IFERROR($M34*V34,0) -> 0 | Y34: =IFERROR($M34*X34,0) -> 0 | AA34: =IFERROR($M34*Z34,0) -> 0 | AC34: =IFERROR((N34+P34+R34)*M34,"") -> 0 | AD34: =IFERROR(I34*AC34,"") -> 0
A35: 23 | B35: =IF('印刷・FAX 発注書'!B34="","",'印刷・FAX 発注書'!B34) -> さつま芋 | C35: =IF('印刷・FAX 発注書'!C32="","",'印刷・FAX 発注書'!C32) | D35: =IF('印刷・FAX 発注書'!D32="","",'印刷・FAX 発注書'!D32) | E35: =IF('印刷・FAX 発注書'!E34="","",'印刷・FAX 発注書'!E34) -> パック | F35: =IF('印刷・FAX 発注書'!F34="","",'印刷・FAX 発注書'!F34) -> 常温 | G35: =IF('印刷・FAX 発注書'!G34="","",'印刷・FAX 発注書'!G34) -> 10 | H35: =IF('印刷・FAX 発注書'!H34="","",'印刷・FAX 発注書'!H34) -> 258 | I35: =IFERROR(ROUNDUP(H35*K35,0),"") -> 186 | J35: 1 | K35: =J35-L35 -> 0.72 | L35: ='印刷・FAX 発注書'!L34 -> 0.28 | M35: =IF('印刷・FAX 発注書'!M34="","",'印刷・FAX 発注書'!M34) -> 3 | O35: =IFERROR($M35*N35,0) -> 0 | Q35: =IFERROR($M35*P35,0) -> 0 | S35: =IFERROR($M35*R35,0) -> 0 | U35: =IFERROR($M35*T35,0) -> 0 | W35: =IFERROR($M35*V35,0) -> 0 | Y35: =IFERROR($M35*X35,0) -> 0 | AA35: =IFERROR($M35*Z35,0) -> 0 | AC35: =IFERROR((N35+P35+R35)*M35,"") -> 0 | AD35: =IFERROR(I35*AC35,"") -> 0
A36: 24 | B36: =IF('印刷・FAX 発注書'!B35="","",'印刷・FAX 発注書'!B35) -> ごぼう | C36: =IF('印刷・FAX 発注書'!C33="","",'印刷・FAX 発注書'!C33) | D36: =IF('印刷・FAX 発注書'!D33="","",'印刷・FAX 発注書'!D33) | E36: =IF('印刷・FAX 発注書'!E35="","",'印刷・FAX 発注書'!E35) | F36: =IF('印刷・FAX 発注書'!F35="","",'印刷・FAX 発注書'!F35) | G36: =IF('印刷・FAX 発注書'!G35="","",'印刷・FAX 発注書'!G35) -> 10 | H36: =IF('印刷・FAX 発注書'!H35="","",'印刷・FAX 発注書'!H35) -> 198 | I36: =IFERROR(ROUNDUP(H36*K36,0),"") -> 143 | J36: 1 | K36: =J36-L36 -> 0.72 | L36: ='印刷・FAX 発注書'!L35 -> 0.28 | M36: =IF('印刷・FAX 発注書'!M35="","",'印刷・FAX 発注書'!M35) -> 2 | O36: =IFERROR($M36*N36,0) -> 0 | Q36: =IFERROR($M36*P36,0) -> 0 | S36: =IFERROR($M36*R36,0) -> 0 | U36: =IFERROR($M36*T36,0) -> 0 | W36: =IFERROR($M36*V36,0) -> 0 | Y36: =IFERROR($M36*X36,0) -> 0 | AA36: =IFERROR($M36*Z36,0) -> 0 | AC36: =IFERROR((N36+P36+R36)*M36,"") -> 0 | AD36: =IFERROR(I36*AC36,"") -> 0
A37: 25 | B37: =IF('印刷・FAX 発注書'!B36="","",'印刷・FAX 発注書'!B36) | C37: =IF('印刷・FAX 発注書'!C34="","",'印刷・FAX 発注書'!C34) | D37: =IF('印刷・FAX 発注書'!D34="","",'印刷・FAX 発注書'!D34) | E37: =IF('印刷・FAX 発注書'!E36="","",'印刷・FAX 発注書'!E36) | F37: =IF('印刷・FAX 発注書'!F36="","",'印刷・FAX 発注書'!F36) -> 要冷 | G37: =IF('印刷・FAX 発注書'!G36="","",'印刷・FAX 発注書'!G36) -> 5 | H37: =IF('印刷・FAX 発注書'!H36="","",'印刷・FAX 発注書'!H36) | I37: =IFERROR(ROUNDUP(H37*K37,0),"") | J37: 1 | K37: =J37-L37 -> 0.72 | L37: ='印刷・FAX 発注書'!L36 -> 0.28 | M37: =IF('印刷・FAX 発注書'!M36="","",'印刷・FAX 発注書'!M36) -> 3 | O37: =IFERROR($M37*N37,0) -> 0 | Q37: =IFERROR($M37*P37,0) -> 0 | S37: =IFERROR($M37*R37,0) -> 0 | U37: =IFERROR($M37*T37,0) -> 0 | W37: =IFERROR($M37*V37,0) -> 0 | Y37: =IFERROR($M37*X37,0) -> 0 | AA37: =IFERROR($M37*Z37,0) -> 0 | AC37: =IFERROR((N37+P37+R37)*M37,"") -> 0 | AD37: =IFERROR(I37*AC37,"")
A38: 26 | B38: =IF('印刷・FAX 発注書'!B37="","",'印刷・FAX 発注書'!B37) -> えのき茸 | C38: =IF('印刷・FAX 発注書'!C35="","",'印刷・FAX 発注書'!C35) | D38: =IF('印刷・FAX 発注書'!D35="","",'印刷・FAX 発注書'!D35) | E38: =IF('印刷・FAX 発注書'!E37="","",'印刷・FAX 発注書'!E37) | F38: =IF('印刷・FAX 発注書'!F37="","",'印刷・FAX 発注書'!F37) | G38: =IF('印刷・FAX 発注書'!G37="","",'印刷・FAX 発注書'!G37) -> 5 | H38: =IF('印刷・FAX 発注書'!H37="","",'印刷・FAX 発注書'!H37) -> 178 | I38: =IFERROR(ROUNDUP(H38*K38,0),"") -> 129 | J38: 1 | K38: =J38-L38 -> 0.72 | L38: ='印刷・FAX 発注書'!L37 -> 0.28 | M38: =IF('印刷・FAX 発注書'!M37="","",'印刷・FAX 発注書'!M37) -> 3 | O38: =IFERROR($M38*N38,0) -> 0 | Q38: =IFERROR($M38*P38,0) -> 0 | S38: =IFERROR($M38*R38,0) -> 0 | U38: =IFERROR($M38*T38,0) -> 0 | W38: =IFERROR($M38*V38,0) -> 0 | Y38: =IFERROR($M38*X38,0) -> 0 | AA38: =IFERROR($M38*Z38,0) -> 0 | AC38: =IFERROR((N38+P38+R38)*M38,"") -> 0 | AD38: =IFERROR(I38*AC38,"") -> 0
A39: 27 | B39: =IF('印刷・FAX 発注書'!B38="","",'印刷・FAX 発注書'!B38) -> しめじ | C39: =IF('印刷・FAX 発注書'!C36="","",'印刷・FAX 発注書'!C36) | D39: =IF('印刷・FAX 発注書'!D36="","",'印刷・FAX 発注書'!D36) | E39: =IF('印刷・FAX 発注書'!E38="","",'印刷・FAX 発注書'!E38) | F39: =IF('印刷・FAX 発注書'!F38="","",'印刷・FAX 発注書'!F38) | G39: =IF('印刷・FAX 発注書'!G38="","",'印刷・FAX 発注書'!G38) -> 5 | H39: =IF('印刷・FAX 発注書'!H38="","",'印刷・FAX 発注書'!H38) -> 148 | I39: =IFERROR(ROUNDUP(H39*K39,0),"") -> 107 | J39: 1 | K39: =J39-L39 -> 0.72 | L39: ='印刷・FAX 発注書'!L38 -> 0.28 | M39: =IF('印刷・FAX 発注書'!M38="","",'印刷・FAX 発注書'!M38) -> 3 | O39: =IFERROR($M39*N39,0) -> 0 | Q39: =IFERROR($M39*P39,0) -> 0 | S39: =IFERROR($M39*R39,0) -> 0 | U39: =IFERROR($M39*T39,0) -> 0 | W39: =IFERROR($M39*V39,0) -> 0 | Y39: =IFERROR($M39*X39,0) -> 0 | AA39: =IFERROR($M39*Z39,0) -> 0 | AC39: =IFERROR((N39+P39+R39)*M39,"") -> 0 | AD39: =IFERROR(I39*AC39,"") -> 0
A40: 28 | B40: =IF('印刷・FAX 発注書'!B39="","",'印刷・FAX 発注書'!B39) -> しいたけ | C40: =IF('印刷・FAX 発注書'!C37="","",'印刷・FAX 発注書'!C37) | D40: =IF('印刷・FAX 発注書'!D37="","",'印刷・FAX 発注書'!D37) | E40: =IF('印刷・FAX 発注書'!E39="","",'印刷・FAX 発注書'!E39) | F40: =IF('印刷・FAX 発注書'!F39="","",'印刷・FAX 発注書'!F39) | G40: =IF('印刷・FAX 発注書'!G39="","",'印刷・FAX 発注書'!G39) -> 4 | H40: =IF('印刷・FAX 発注書'!H39="","",'印刷・FAX 発注書'!H39) -> 158 | I40: =IFERROR(ROUNDUP(H40*K40,0),"") -> 114 | J40: 1 | K40: =J40-L40 -> 0.72 | L40: ='印刷・FAX 発注書'!L39 -> 0.28 | M40: =IF('印刷・FAX 発注書'!M39="","",'印刷・FAX 発注書'!M39) -> 3 | O40: =IFERROR($M40*N40,0) -> 0 | P40: 1 | Q40: =IFERROR($M40*P40,0) -> 3 | S40: =IFERROR($M40*R40,0) -> 0 | U40: =IFERROR($M40*T40,0) -> 0 | W40: =IFERROR($M40*V40,0) -> 0 | Y40: =IFERROR($M40*X40,0) -> 0 | AA40: =IFERROR($M40*Z40,0) -> 0 | AC40: =IFERROR((N40+P40+R40)*M40,"") -> 3 | AD40: =IFERROR(I40*AC40,"") -> 342
A41: 29 | B41: =IF('印刷・FAX 発注書'!B40="","",'印刷・FAX 発注書'!B40) -> まいたけ | C41: =IF('印刷・FAX 発注書'!C38="","",'印刷・FAX 発注書'!C38) | D41: =IF('印刷・FAX 発注書'!D38="","",'印刷・FAX 発注書'!D38) | E41: =IF('印刷・FAX 発注書'!E40="","",'印刷・FAX 発注書'!E40) | F41: =IF('印刷・FAX 発注書'!F40="","",'印刷・FAX 発注書'!F40) | G41: =IF('印刷・FAX 発注書'!G40="","",'印刷・FAX 発注書'!G40) -> 5 | H41: =IF('印刷・FAX 発注書'!H40="","",'印刷・FAX 発注書'!H40) -> 158 | I41: =IFERROR(ROUNDUP(H41*K41,0),"") -> 114 | J41: 1 | K41: =J41-L41 -> 0.72 | L41: ='印刷・FAX 発注書'!L40 -> 0.28 | M41: =IF('印刷・FAX 発注書'!M40="","",'印刷・FAX 発注書'!M40) -> 2 | O41: =IFERROR($M41*N41,0) -> 0 | P41: 1 | Q41: =IFERROR($M41*P41,0) -> 2 | S41: =IFERROR($M41*R41,0) -> 0 | U41: =IFERROR($M41*T41,0) -> 0 | W41: =IFERROR($M41*V41,0) -> 0 | Y41: =IFERROR($M41*X41,0) -> 0 | AA41: =IFERROR($M41*Z41,0) -> 0 | AC41: =IFERROR((N41+P41+R41)*M41,"") -> 2 | AD41: =IFERROR(I41*AC41,"") -> 228
A42: 30 | B42: =IF('印刷・FAX 発注書'!B41="","",'印刷・FAX 発注書'!B41) -> エリンギ | C42: =IF('印刷・FAX 発注書'!C39="","",'印刷・FAX 発注書'!C39) | D42: =IF('印刷・FAX 発注書'!D39="","",'印刷・FAX 発注書'!D39) | E42: =IF('印刷・FAX 発注書'!E41="","",'印刷・FAX 発注書'!E41) | F42: =IF('印刷・FAX 発注書'!F41="","",'印刷・FAX 発注書'!F41) | G42: =IF('印刷・FAX 発注書'!G41="","",'印刷・FAX 発注書'!G41) -> 5 | H42: =IF('印刷・FAX 発注書'!H41="","",'印刷・FAX 発注書'!H41) -> 158 | I42: =IFERROR(ROUNDUP(H42*K42,0),"") -> 114 | J42: 1 | K42: =J42-L42 -> 0.72 | L42: ='印刷・FAX 発注書'!L41 -> 0.28 | M42: =IF('印刷・FAX 発注書'!M41="","",'印刷・FAX 発注書'!M41) -> 2 | O42: =IFERROR($M42*N42,0) -> 0 | P42: 1 | Q42: =IFERROR($M42*P42,0) -> 2 | S42: =IFERROR($M42*R42,0) -> 0 | U42: =IFERROR($M42*T42,0) -> 0 | W42: =IFERROR($M42*V42,0) -> 0 | Y42: =IFERROR($M42*X42,0) -> 0 | AA42: =IFERROR($M42*Z42,0) -> 0 | AC42: =IFERROR((N42+P42+R42)*M42,"") -> 2 | AD42: =IFERROR(I42*AC42,"") -> 228
A43: 31 | B43: =IF('印刷・FAX 発注書'!B42="","",'印刷・FAX 発注書'!B42) -> なめこ | C43: =IF('印刷・FAX 発注書'!C40="","",'印刷・FAX 発注書'!C40) | D43: =IF('印刷・FAX 発注書'!D40="","",'印刷・FAX 発注書'!D40) | E43: =IF('印刷・FAX 発注書'!E42="","",'印刷・FAX 発注書'!E42) -> 100ｇ | F43: =IF('印刷・FAX 発注書'!F42="","",'印刷・FAX 発注書'!F42) -> 要冷 | G43: =IF('印刷・FAX 発注書'!G42="","",'印刷・FAX 発注書'!G42) -> 5 | H43: =IF('印刷・FAX 発注書'!H42="","",'印刷・FAX 発注書'!H42) -> 108 | I43: =IFERROR(ROUNDUP(H43*K43,0),"") -> 78 | J43: 1 | K43: =J43-L43 -> 0.72 | L43: ='印刷・FAX 発注書'!L42 -> 0.28 | M43: =IF('印刷・FAX 発注書'!M42="","",'印刷・FAX 発注書'!M42) -> 3 | O43: =IFERROR($M43*N43,0) -> 0 | Q43: =IFERROR($M43*P43,0) -> 0 | S43: =IFERROR($M43*R43,0) -> 0 | U43: =IFERROR($M43*T43,0) -> 0 | W43: =IFERROR($M43*V43,0) -> 0 | Y43: =IFERROR($M43*X43,0) -> 0 | AA43: =IFERROR($M43*Z43,0) -> 0 | AC43: =IFERROR((N43+P43+R43)*M43,"") -> 0 | AD43: =IFERROR(I43*AC43,"") -> 0
A44: 32 | B44: =IF('印刷・FAX 発注書'!B43="","",'印刷・FAX 発注書'!B43) -> 中国産ニンニク | C44: =IF('印刷・FAX 発注書'!C41="","",'印刷・FAX 発注書'!C41) | D44: =IF('印刷・FAX 発注書'!D41="","",'印刷・FAX 発注書'!D41) | E44: =IF('印刷・FAX 発注書'!E43="","",'印刷・FAX 発注書'!E43) -> 3個入り | F44: =IF('印刷・FAX 発注書'!F43="","",'印刷・FAX 発注書'!F43) -> 常温 | G44: =IF('印刷・FAX 発注書'!G43="","",'印刷・FAX 発注書'!G43) -> 15 | H44: =IF('印刷・FAX 発注書'!H43="","",'印刷・FAX 発注書'!H43) -> 168 | I44: =IFERROR(ROUNDUP(H44*K44,0),"") -> 121 | J44: 1 | K44: =J44-L44 -> 0.72 | L44: ='印刷・FAX 発注書'!L43 -> 0.28 | M44: =IF('印刷・FAX 発注書'!M43="","",'印刷・FAX 発注書'!M43) -> 3 | O44: =IFERROR($M44*N44,0) -> 0 | Q44: =IFERROR($M44*P44,0) -> 0 | S44: =IFERROR($M44*R44,0) -> 0 | U44: =IFERROR($M44*T44,0) -> 0 | W44: =IFERROR($M44*V44,0) -> 0 | Y44: =IFERROR($M44*X44,0) -> 0 | AA44: =IFERROR($M44*Z44,0) -> 0 | AC44: =IFERROR((N44+P44+R44)*M44,"") -> 0 | AD44: =IFERROR(I44*AC44,"") -> 0
A45: 33 | B45: =IF('印刷・FAX 発注書'!B44="","",'印刷・FAX 発注書'!B44) -> レモン | C45: =IF('印刷・FAX 発注書'!C42="","",'印刷・FAX 発注書'!C42) | D45: =IF('印刷・FAX 発注書'!D42="","",'印刷・FAX 発注書'!D42) | E45: =IF('印刷・FAX 発注書'!E44="","",'印刷・FAX 発注書'!E44) | F45: =IF('印刷・FAX 発注書'!F44="","",'印刷・FAX 発注書'!F44) -> 両方 | G45: =IF('印刷・FAX 発注書'!G44="","",'印刷・FAX 発注書'!G44) -> 15 | H45: =IF('印刷・FAX 発注書'!H44="","",'印刷・FAX 発注書'!H44) -> 138 | I45: =IFERROR(ROUNDUP(H45*K45,0),"") -> 100 | J45: 1 | K45: =J45-L45 -> 0.72 | L45: ='印刷・FAX 発注書'!L44 -> 0.28 | M45: =IF('印刷・FAX 発注書'!M44="","",'印刷・FAX 発注書'!M44) -> 3 | O45: =IFERROR($M45*N45,0) -> 0 | Q45: =IFERROR($M45*P45,0) -> 0 | S45: =IFERROR($M45*R45,0) -> 0 | U45: =IFERROR($M45*T45,0) -> 0 | W45: =IFERROR($M45*V45,0) -> 0 | Y45: =IFERROR($M45*X45,0) -> 0 | AA45: =IFERROR($M45*Z45,0) -> 0 | AC45: =IFERROR((N45+P45+R45)*M45,"") -> 0 | AD45: =IFERROR(I45*AC45,"") -> 0
A46: 34 | B46: =IF('印刷・FAX 発注書'!B45="","",'印刷・FAX 発注書'!B45) -> 甘夏 | C46: =IF('印刷・FAX 発注書'!C43="","",'印刷・FAX 発注書'!C43) | D46: =IF('印刷・FAX 発注書'!D43="","",'印刷・FAX 発注書'!D43) | E46: =IF('印刷・FAX 発注書'!E45="","",'印刷・FAX 発注書'!E45) -> パック | F46: =IF('印刷・FAX 発注書'!F45="","",'印刷・FAX 発注書'!F45) -> 要冷 | G46: =IF('印刷・FAX 発注書'!G45="","",'印刷・FAX 発注書'!G45) -> 5 | H46: =IF('印刷・FAX 発注書'!H45="","",'印刷・FAX 発注書'!H45) -> 238 | I46: =IFERROR(ROUNDUP(H46*K46,0),"") -> 172 | J46: 1 | K46: =J46-L46 -> 0.72 | L46: ='印刷・FAX 発注書'!L45 -> 0.28 | M46: =IF('印刷・FAX 発注書'!M45="","",'印刷・FAX 発注書'!M45) -> 3 | O46: =IFERROR($M46*N46,0) -> 0 | Q46: =IFERROR($M46*P46,0) -> 0 | S46: =IFERROR($M46*R46,0) -> 0 | U46: =IFERROR($M46*T46,0) -> 0 | W46: =IFERROR($M46*V46,0) -> 0 | Y46: =IFERROR($M46*X46,0) -> 0 | AA46: =IFERROR($M46*Z46,0) -> 0 | AC46: =IFERROR((N46+P46+R46)*M46,"") -> 0 | AD46: =IFERROR(I46*AC46,"") -> 0
A47: 35 | B47: =IF('印刷・FAX 発注書'!B46="","",'印刷・FAX 発注書'!B46) -> 大葉しそ | C47: =IF('印刷・FAX 発注書'!C44="","",'印刷・FAX 発注書'!C44) -> 米国 | D47: =IF('印刷・FAX 発注書'!D44="","",'印刷・FAX 発注書'!D44) | E47: =IF('印刷・FAX 発注書'!E46="","",'印刷・FAX 発注書'!E46) -> ﾊﾟｯｸ | F47: =IF('印刷・FAX 発注書'!F46="","",'印刷・FAX 発注書'!F46) | G47: =IF('印刷・FAX 発注書'!G46="","",'印刷・FAX 発注書'!G46) -> 4 | H47: =IF('印刷・FAX 発注書'!H46="","",'印刷・FAX 発注書'!H46) -> 128 | I47: =IFERROR(ROUNDUP(H47*K47,0),"") -> 93 | J47: 1 | K47: =J47-L47 -> 0.72 | L47: ='印刷・FAX 発注書'!L46 -> 0.28 | M47: =IF('印刷・FAX 発注書'!M46="","",'印刷・FAX 発注書'!M46) -> 3 | O47: =IFERROR($M47*N47,0) -> 0 | P47: 1 | Q47: =IFERROR($M47*P47,0) -> 3 | S47: =IFERROR($M47*R47,0) -> 0 | U47: =IFERROR($M47*T47,0) -> 0 | W47: =IFERROR($M47*V47,0) -> 0 | Y47: =IFERROR($M47*X47,0) -> 0 | AA47: =IFERROR($M47*Z47,0) -> 0 | AC47: =IFERROR((N47+P47+R47)*M47,"") -> 3 | AD47: =IFERROR(I47*AC47,"") -> 279
A48: 36 | B48: =IF('印刷・FAX 発注書'!B47="","",'印刷・FAX 発注書'!B47) -> 温州みかん | C48: =IF('印刷・FAX 発注書'!C45="","",'印刷・FAX 発注書'!C45) | D48: =IF('印刷・FAX 発注書'!D45="","",'印刷・FAX 発注書'!D45) -> 2個 | E48: =IF('印刷・FAX 発注書'!E47="","",'印刷・FAX 発注書'!E47) -> パック | F48: =IF('印刷・FAX 発注書'!F47="","",'印刷・FAX 発注書'!F47) -> 要冷 | G48: =IF('印刷・FAX 発注書'!G47="","",'印刷・FAX 発注書'!G47) -> 5 | H48: =IF('印刷・FAX 発注書'!H47="","",'印刷・FAX 発注書'!H47) -> 378 | I48: =IFERROR(ROUNDUP(H48*K48,0),"") -> 273 | J48: 1 | K48: =J48-L48 -> 0.72 | L48: ='印刷・FAX 発注書'!L47 -> 0.28 | M48: =IF('印刷・FAX 発注書'!M47="","",'印刷・FAX 発注書'!M47) -> 3 | O48: =IFERROR($M48*N48,0) -> 0 | Q48: =IFERROR($M48*P48,0) -> 0 | S48: =IFERROR($M48*R48,0) -> 0 | U48: =IFERROR($M48*T48,0) -> 0 | W48: =IFERROR($M48*V48,0) -> 0 | Y48: =IFERROR($M48*X48,0) -> 0 | AA48: =IFERROR($M48*Z48,0) -> 0 | AC48: =IFERROR((N48+P48+R48)*M48,"") -> 0 | AD48: =IFERROR(I48*AC48,"") -> 0
A49: 37 | B49: =IF('印刷・FAX 発注書'!B48="","",'印刷・FAX 発注書'!B48) -> ソルダム | C49: =IF('印刷・FAX 発注書'!#REF!="","",'印刷・FAX 発注書'!#REF!) -> #REF! | D49: =IF('印刷・FAX 発注書'!#REF!="","",'印刷・FAX 発注書'!#REF!) -> #REF! | E49: =IF('印刷・FAX 発注書'!E48="","",'印刷・FAX 発注書'!E48) -> パック | F49: =IF('印刷・FAX 発注書'!F48="","",'印刷・FAX 発注書'!F48) | G49: =IF('印刷・FAX 発注書'!G48="","",'印刷・FAX 発注書'!G48) -> 7 | H49: =IF('印刷・FAX 発注書'!H48="","",'印刷・FAX 発注書'!H48) -> 398 | I49: =IFERROR(ROUNDUP(H49*K49,0),"") -> 287 | J49: 1 | K49: =J49-L49 -> 0.72 | L49: ='印刷・FAX 発注書'!L48 -> 0.28 | M49: =IF('印刷・FAX 発注書'!M48="","",'印刷・FAX 発注書'!M48) -> 2 | O49: =IFERROR($M49*N49,0) -> 0 | Q49: =IFERROR($M49*P49,0) -> 0 | S49: =IFERROR($M49*R49,0) -> 0 | U49: =IFERROR($M49*T49,0) -> 0 | W49: =IFERROR($M49*V49,0) -> 0 | Y49: =IFERROR($M49*X49,0) -> 0 | AA49: =IFERROR($M49*Z49,0) -> 0 | AC49: =IFERROR((N49+P49+R49)*M49,"") -> 0 | AD49: =IFERROR(I49*AC49,"") -> 0
A50: 38 | B50: =IF('印刷・FAX 発注書'!B49="","",'印刷・FAX 発注書'!B49) -> オレンジ2個 | C50: =IF('印刷・FAX 発注書'!C46="","",'印刷・FAX 発注書'!C46) | D50: =IF('印刷・FAX 発注書'!D46="","",'印刷・FAX 発注書'!D46) -> １０枚 | E50: =IF('印刷・FAX 発注書'!E49="","",'印刷・FAX 発注書'!E49) | F50: =IF('印刷・FAX 発注書'!F49="","",'印刷・FAX 発注書'!F49) | G50: =IF('印刷・FAX 発注書'!G49="","",'印刷・FAX 発注書'!G49) -> 5 | H50: =IF('印刷・FAX 発注書'!H49="","",'印刷・FAX 発注書'!H49) -> 248 | I50: =IFERROR(ROUNDUP(H50*K50,0),"") -> 179 | J50: 1 | K50: =J50-L50 -> 0.72 | L50: ='印刷・FAX 発注書'!L49 -> 0.28 | M50: =IF('印刷・FAX 発注書'!M49="","",'印刷・FAX 発注書'!M49) -> 3 | O50: =IFERROR($M50*N50,0) -> 0 | Q50: =IFERROR($M50*P50,0) -> 0 | S50: =IFERROR($M50*R50,0) -> 0 | U50: =IFERROR($M50*T50,0) -> 0 | W50: =IFERROR($M50*V50,0) -> 0 | Y50: =IFERROR($M50*X50,0) -> 0 | AA50: =IFERROR($M50*Z50,0) -> 0 | AC50: =IFERROR((N50+P50+R50)*M50,"") -> 0 | AD50: =IFERROR(I50*AC50,"") -> 0
A51: 39 | B51: =IF('印刷・FAX 発注書'!B50="","",'印刷・FAX 発注書'!B50) -> リンゴ | C51: =IF('印刷・FAX 発注書'!C47="","",'印刷・FAX 発注書'!C47) | D51: =IF('印刷・FAX 発注書'!D47="","",'印刷・FAX 発注書'!D47) -> 5個 | E51: =IF('印刷・FAX 発注書'!E50="","",'印刷・FAX 発注書'!E50) -> 2個 | F51: =IF('印刷・FAX 発注書'!F50="","",'印刷・FAX 発注書'!F50) -> 要冷 | G51: =IF('印刷・FAX 発注書'!G50="","",'印刷・FAX 発注書'!G50) -> 3 | H51: =IF('印刷・FAX 発注書'!H50="","",'印刷・FAX 発注書'!H50) -> 598 | I51: =IFERROR(ROUNDUP(H51*K51,0),"") -> 431 | J51: 1 | K51: =J51-L51 -> 0.72 | L51: ='印刷・FAX 発注書'!L50 -> 0.28 | M51: =IF('印刷・FAX 発注書'!M50="","",'印刷・FAX 発注書'!M50) -> 2 | O51: =IFERROR($M51*N51,0) -> 0 | Q51: =IFERROR($M51*P51,0) -> 0 | S51: =IFERROR($M51*R51,0) -> 0 | U51: =IFERROR($M51*T51,0) -> 0 | W51: =IFERROR($M51*V51,0) -> 0 | Y51: =IFERROR($M51*X51,0) -> 0 | AA51: =IFERROR($M51*Z51,0) -> 0 | AC51: =IFERROR((N51+P51+R51)*M51,"") -> 0 | AD51: =IFERROR(I51*AC51,"") -> 0
A52: 40 | B52: =IF('印刷・FAX 発注書'!B51="","",'印刷・FAX 発注書'!B51) -> メロン | C52: =IF('印刷・FAX 発注書'!C48="","",'印刷・FAX 発注書'!C48) | D52: =IF('印刷・FAX 発注書'!D48="","",'印刷・FAX 発注書'!D48) | E52: =IF('印刷・FAX 発注書'!E51="","",'印刷・FAX 発注書'!E51) -> 4個 | F52: =IF('印刷・FAX 発注書'!F51="","",'印刷・FAX 発注書'!F51) | G52: =IF('印刷・FAX 発注書'!G51="","",'印刷・FAX 発注書'!G51) -> 5 | H52: =IF('印刷・FAX 発注書'!H51="","",'印刷・FAX 発注書'!H51) -> 598 | I52: =IFERROR(ROUNDUP(H52*K52,0),"") -> 431 | J52: 1 | K52: =J52-L52 -> 0.72 | L52: ='印刷・FAX 発注書'!L51 -> 0.28 | M52: =IF('印刷・FAX 発注書'!M51="","",'印刷・FAX 発注書'!M51) -> 2 | O52: =IFERROR($M52*N52,0) -> 0 | Q52: =IFERROR($M52*P52,0) -> 0 | S52: =IFERROR($M52*R52,0) -> 0 | U52: =IFERROR($M52*T52,0) -> 0 | W52: =IFERROR($M52*V52,0) -> 0 | Y52: =IFERROR($M52*X52,0) -> 0 | AA52: =IFERROR($M52*Z52,0) -> 0 | AC52: =IFERROR((N52+P52+R52)*M52,"") -> 0 | AD52: =IFERROR(I52*AC52,"") -> 0
A53: 41 | B53: =IF('印刷・FAX 発注書'!B52="","",'印刷・FAX 発注書'!B52) | C53: =IF('印刷・FAX 発注書'!#REF!="","",'印刷・FAX 発注書'!#REF!) -> #REF! | D53: =IF('印刷・FAX 発注書'!#REF!="","",'印刷・FAX 発注書'!#REF!) -> #REF! | E53: =IF('印刷・FAX 発注書'!E52="","",'印刷・FAX 発注書'!E52) | F53: =IF('印刷・FAX 発注書'!F52="","",'印刷・FAX 発注書'!F52) | G53: =IF('印刷・FAX 発注書'!G52="","",'印刷・FAX 発注書'!G52) | H53: =IF('印刷・FAX 発注書'!H52="","",'印刷・FAX 発注書'!H52) | I53: =IFERROR(ROUNDUP(H53*K53,0),"") | J53: 1 | K53: =J53-L53 -> 0.72 | L53: ='印刷・FAX 発注書'!L52 -> 0.28 | M53: =IF('印刷・FAX 発注書'!M52="","",'印刷・FAX 発注書'!M52) | O53: =IFERROR($M53*N53,0) -> 0 | Q53: =IFERROR($M53*P53,0) -> 0 | S53: =IFERROR($M53*R53,0) -> 0 | U53: =IFERROR($M53*T53,0) -> 0 | W53: =IFERROR($M53*V53,0) -> 0 | Y53: =IFERROR($M53*X53,0) -> 0 | AA53: =IFERROR($M53*Z53,0) -> 0 | AC53: =IFERROR((N53+P53+R53)*M53,"") | AD53: =IFERROR(I53*AC53,"")
A54: 42 | B54: =IF('印刷・FAX 発注書'!B53="","",'印刷・FAX 発注書'!B53) | C54: =IF('印刷・FAX 発注書'!C49="","",'印刷・FAX 発注書'!C49) | D54: =IF('印刷・FAX 発注書'!D49="","",'印刷・FAX 発注書'!D49) | E54: =IF('印刷・FAX 発注書'!E53="","",'印刷・FAX 発注書'!E53) | F54: =IF('印刷・FAX 発注書'!F53="","",'印刷・FAX 発注書'!F53) | G54: =IF('印刷・FAX 発注書'!G53="","",'印刷・FAX 発注書'!G53) | H54: =IF('印刷・FAX 発注書'!H53="","",'印刷・FAX 発注書'!H53) | I54: =IFERROR(ROUNDUP(H54*K54,0),"") | J54: 1 | K54: =J54-L54 -> 0.72 | L54: ='印刷・FAX 発注書'!L53 -> 0.28 | M54: =IF('印刷・FAX 発注書'!M53="","",'印刷・FAX 発注書'!M53) | O54: =IFERROR($M54*N54,0) -> 0 | Q54: =IFERROR($M54*P54,0) -> 0 | S54: =IFERROR($M54*R54,0) -> 0 | U54: =IFERROR($M54*T54,0) -> 0 | W54: =IFERROR($M54*V54,0) -> 0 | Y54: =IFERROR($M54*X54,0) -> 0 | AA54: =IFERROR($M54*Z54,0) -> 0 | AC54: =IFERROR((N54+P54+R54)*M54,"") | AD54: =IFERROR(I54*AC54,"")
A55: 43 | B55: =IF('印刷・FAX 発注書'!B54="","",'印刷・FAX 発注書'!B54) | C55: =IF('印刷・FAX 発注書'!#REF!="","",'印刷・FAX 発注書'!#REF!) -> #REF! | D55: =IF('印刷・FAX 発注書'!#REF!="","",'印刷・FAX 発注書'!#REF!) -> #REF! | E55: =IF('印刷・FAX 発注書'!E54="","",'印刷・FAX 発注書'!E54) | F55: =IF('印刷・FAX 発注書'!F54="","",'印刷・FAX 発注書'!F54) | G55: =IF('印刷・FAX 発注書'!G54="","",'印刷・FAX 発注書'!G54) | H55: =IF('印刷・FAX 発注書'!H54="","",'印刷・FAX 発注書'!H54) | I55: =IFERROR(ROUNDUP(H55*K55,0),"") | J55: 1 | K55: =J55-L55 -> 0.72 | L55: ='印刷・FAX 発注書'!L54 -> 0.28 | M55: =IF('印刷・FAX 発注書'!M54="","",'印刷・FAX 発注書'!M54) | O55: =IFERROR($M55*N55,0) -> 0 | Q55: =IFERROR($M55*P55,0) -> 0 | S55: =IFERROR($M55*R55,0) -> 0 | U55: =IFERROR($M55*T55,0) -> 0 | W55: =IFERROR($M55*V55,0) -> 0 | Y55: =IFERROR($M55*X55,0) -> 0 | AA55: =IFERROR($M55*Z55,0) -> 0 | AC55: =IFERROR((N55+P55+R55)*M55,"") | AD55: =IFERROR(I55*AC55,"")
A56: 44 | B56: =IF('印刷・FAX 発注書'!B55="","",'印刷・FAX 発注書'!B55) | C56: =IF('印刷・FAX 発注書'!#REF!="","",'印刷・FAX 発注書'!#REF!) -> #REF! | D56: =IF('印刷・FAX 発注書'!#REF!="","",'印刷・FAX 発注書'!#REF!) -> #REF! | E56: =IF('印刷・FAX 発注書'!E55="","",'印刷・FAX 発注書'!E55) | F56: =IF('印刷・FAX 発注書'!F55="","",'印刷・FAX 発注書'!F55) | G56: =IF('印刷・FAX 発注書'!G55="","",'印刷・FAX 発注書'!G55) | H56: =IF('印刷・FAX 発注書'!H55="","",'印刷・FAX 発注書'!H55) | I56: =IFERROR(ROUNDUP(H56*K56,0),"") | J56: 1 | K56: =J56-L56 -> 0.72 | L56: ='印刷・FAX 発注書'!L55 -> 0.28 | M56: =IF('印刷・FAX 発注書'!M55="","",'印刷・FAX 発注書'!M55) | O56: =IFERROR($M56*N56,0) -> 0 | Q56: =IFERROR($M56*P56,0) -> 0 | S56: =IFERROR($M56*R56,0) -> 0 | U56: =IFERROR($M56*T56,0) -> 0 | W56: =IFERROR($M56*V56,0) -> 0 | Y56: =IFERROR($M56*X56,0) -> 0 | AA56: =IFERROR($M56*Z56,0) -> 0 | AC56: =IFERROR((N56+P56+R56)*M56,"") | AD56: =IFERROR(I56*AC56,"")
A57: 45 | B57: =IF('印刷・FAX 発注書'!B56="","",'印刷・FAX 発注書'!B56) | C57: =IF('印刷・FAX 発注書'!#REF!="","",'印刷・FAX 発注書'!#REF!) -> #REF! | D57: =IF('印刷・FAX 発注書'!#REF!="","",'印刷・FAX 発注書'!#REF!) -> #REF! | E57: =IF('印刷・FAX 発注書'!E56="","",'印刷・FAX 発注書'!E56) | F57: =IF('印刷・FAX 発注書'!F56="","",'印刷・FAX 発注書'!F56) | G57: =IF('印刷・FAX 発注書'!G56="","",'印刷・FAX 発注書'!G56) | H57: =IF('印刷・FAX 発注書'!H56="","",'印刷・FAX 発注書'!H56) | I57: =IFERROR(ROUNDUP(H57*K57,0),"") | J57: 1 | K57: =J57-L57 -> 0.72 | L57: ='印刷・FAX 発注書'!L56 -> 0.28 | M57: =IF('印刷・FAX 発注書'!M56="","",'印刷・FAX 発注書'!M56) | O57: =IFERROR($M57*N57,0) -> 0 | Q57: =IFERROR($M57*P57,0) -> 0 | S57: =IFERROR($M57*R57,0) -> 0 | U57: =IFERROR($M57*T57,0) -> 0 | W57: =IFERROR($M57*V57,0) -> 0 | Y57: =IFERROR($M57*X57,0) -> 0 | AA57: =IFERROR($M57*Z57,0) -> 0 | AC57: =IFERROR((N57+P57+R57)*M57,"") | AD57: =IFERROR(I57*AC57,"")
A58: 46 | B58: =IF('印刷・FAX 発注書'!B57="","",'印刷・FAX 発注書'!B57) | C58: =IF('印刷・FAX 発注書'!#REF!="","",'印刷・FAX 発注書'!#REF!) -> #REF! | D58: =IF('印刷・FAX 発注書'!#REF!="","",'印刷・FAX 発注書'!#REF!) -> #REF! | E58: =IF('印刷・FAX 発注書'!E57="","",'印刷・FAX 発注書'!E57) | F58: =IF('印刷・FAX 発注書'!F57="","",'印刷・FAX 発注書'!F57) | G58: =IF('印刷・FAX 発注書'!G57="","",'印刷・FAX 発注書'!G57) | H58: =IF('印刷・FAX 発注書'!H57="","",'印刷・FAX 発注書'!H57) | I58: =IFERROR(ROUNDUP(H58*K58,0),"") | J58: 1 | K58: =J58-L58 -> 0.72 | L58: ='印刷・FAX 発注書'!L57 -> 0.28 | M58: =IF('印刷・FAX 発注書'!M57="","",'印刷・FAX 発注書'!M57) | O58: =IFERROR($M58*N58,0) -> 0 | Q58: =IFERROR($M58*P58,0) -> 0 | S58: =IFERROR($M58*R58,0) -> 0 | U58: =IFERROR($M58*T58,0) -> 0 | W58: =IFERROR($M58*V58,0) -> 0 | Y58: =IFERROR($M58*X58,0) -> 0 | AA58: =IFERROR($M58*Z58,0) -> 0 | AC58: =IFERROR((N58+P58+R58)*M58,"") | AD58: =IFERROR(I58*AC58,"")
A59: 47 | B59: =IF('印刷・FAX 発注書'!B58="","",'印刷・FAX 発注書'!B58) | C59: =IF('印刷・FAX 発注書'!#REF!="","",'印刷・FAX 発注書'!#REF!) -> #REF! | D59: =IF('印刷・FAX 発注書'!#REF!="","",'印刷・FAX 発注書'!#REF!) -> #REF! | E59: =IF('印刷・FAX 発注書'!E58="","",'印刷・FAX 発注書'!E58) | F59: =IF('印刷・FAX 発注書'!F58="","",'印刷・FAX 発注書'!F58) | G59: =IF('印刷・FAX 発注書'!G58="","",'印刷・FAX 発注書'!G58) | H59: =IF('印刷・FAX 発注書'!H58="","",'印刷・FAX 発注書'!H58) | I59: =IFERROR(ROUNDUP(H59*K59,0),"") | J59: 1 | K59: =J59-L59 -> 0.72 | L59: ='印刷・FAX 発注書'!L58 -> 0.28 | M59: =IF('印刷・FAX 発注書'!M58="","",'印刷・FAX 発注書'!M58) | O59: =IFERROR($M59*N59,0) -> 0 | Q59: =IFERROR($M59*P59,0) -> 0 | S59: =IFERROR($M59*R59,0) -> 0 | U59: =IFERROR($M59*T59,0) -> 0 | W59: =IFERROR($M59*V59,0) -> 0 | Y59: =IFERROR($M59*X59,0) -> 0 | AA59: =IFERROR($M59*Z59,0) -> 0 | AC59: =IFERROR((N59+P59+R59)*M59,"") | AD59: =IFERROR(I59*AC59,"")
A60: 48 | B60: =IF('印刷・FAX 発注書'!B59="","",'印刷・FAX 発注書'!B59) | C60: =IF('印刷・FAX 発注書'!#REF!="","",'印刷・FAX 発注書'!#REF!) -> #REF! | D60: =IF('印刷・FAX 発注書'!#REF!="","",'印刷・FAX 発注書'!#REF!) -> #REF! | E60: =IF('印刷・FAX 発注書'!E59="","",'印刷・FAX 発注書'!E59) | F60: =IF('印刷・FAX 発注書'!F59="","",'印刷・FAX 発注書'!F59) | G60: =IF('印刷・FAX 発注書'!G59="","",'印刷・FAX 発注書'!G59) | H60: =IF('印刷・FAX 発注書'!H59="","",'印刷・FAX 発注書'!H59) | I60: =IFERROR(ROUNDUP(H60*K60,0),"") | J60: 1 | K60: =J60-L60 -> 0.72 | L60: ='印刷・FAX 発注書'!L59 -> 0.28 | M60: =IF('印刷・FAX 発注書'!M59="","",'印刷・FAX 発注書'!M59) | O60: =IFERROR($M60*N60,0) -> 0 | Q60: =IFERROR($M60*P60,0) -> 0 | S60: =IFERROR($M60*R60,0) -> 0 | U60: =IFERROR($M60*T60,0) -> 0 | W60: =IFERROR($M60*V60,0) -> 0 | Y60: =IFERROR($M60*X60,0) -> 0 | AA60: =IFERROR($M60*Z60,0) -> 0 | AC60: =IFERROR((N60+P60+R60)*M60,"") | AD60: =IFERROR(I60*AC60,"")
A61: 49 | B61: =IF('印刷・FAX 発注書'!B60="","",'印刷・FAX 発注書'!B60) | C61: =IF('印刷・FAX 発注書'!#REF!="","",'印刷・FAX 発注書'!#REF!) -> #REF! | D61: =IF('印刷・FAX 発注書'!#REF!="","",'印刷・FAX 発注書'!#REF!) -> #REF! | E61: =IF('印刷・FAX 発注書'!E60="","",'印刷・FAX 発注書'!E60) | F61: =IF('印刷・FAX 発注書'!F60="","",'印刷・FAX 発注書'!F60) | G61: =IF('印刷・FAX 発注書'!G60="","",'印刷・FAX 発注書'!G60) | H61: =IF('印刷・FAX 発注書'!H60="","",'印刷・FAX 発注書'!H60) | I61: =IFERROR(ROUNDUP(H61*K61,0),"") | J61: 1 | K61: =J61-L61 -> 0.72 | L61: ='印刷・FAX 発注書'!L60 -> 0.28 | M61: =IF('印刷・FAX 発注書'!M60="","",'印刷・FAX 発注書'!M60) | O61: =IFERROR($M61*N61,0) -> 0 | Q61: =IFERROR($M61*P61,0) -> 0 | S61: =IFERROR($M61*R61,0) -> 0 | U61: =IFERROR($M61*T61,0) -> 0 | W61: =IFERROR($M61*V61,0) -> 0 | Y61: =IFERROR($M61*X61,0) -> 0 | AA61: =IFERROR($M61*Z61,0) -> 0 | AC61: =IFERROR((N61+P61+R61)*M61,"") | AD61: =IFERROR(I61*AC61,"")
A62: 50 | B62: =IF('印刷・FAX 発注書'!B61="","",'印刷・FAX 発注書'!B61) | C62: =IF('印刷・FAX 発注書'!#REF!="","",'印刷・FAX 発注書'!#REF!) -> #REF! | D62: =IF('印刷・FAX 発注書'!#REF!="","",'印刷・FAX 発注書'!#REF!) -> #REF! | E62: =IF('印刷・FAX 発注書'!E61="","",'印刷・FAX 発注書'!E61) | F62: =IF('印刷・FAX 発注書'!F61="","",'印刷・FAX 発注書'!F61) | G62: =IF('印刷・FAX 発注書'!G61="","",'印刷・FAX 発注書'!G61) | H62: =IF('印刷・FAX 発注書'!H61="","",'印刷・FAX 発注書'!H61) | I62: =IFERROR(ROUNDUP(H62*K62,0),"") | J62: 1 | K62: =J62-L62 -> 0.72 | L62: ='印刷・FAX 発注書'!L61 -> 0.28 | M62: =IF('印刷・FAX 発注書'!M61="","",'印刷・FAX 発注書'!M61) | O62: =IFERROR($M62*N62,0) -> 0 | Q62: =IFERROR($M62*P62,0) -> 0 | S62: =IFERROR($M62*R62,0) -> 0 | U62: =IFERROR($M62*T62,0) -> 0 | W62: =IFERROR($M62*V62,0) -> 0 | Y62: =IFERROR($M62*X62,0) -> 0 | AA62: =IFERROR($M62*Z62,0) -> 0 | AC62: =IFERROR((N62+P62+R62)*M62,"") | AD62: =IFERROR(I62*AC62,"")
A63: 51 | B63: =IF('印刷・FAX 発注書'!B57="","",'印刷・FAX 発注書'!B57) | C63: =IF('印刷・FAX 発注書'!C57="","",'印刷・FAX 発注書'!C57) | D63: =IF('印刷・FAX 発注書'!D57="","",'印刷・FAX 発注書'!D57) | E63: =IF('印刷・FAX 発注書'!E62="","",'印刷・FAX 発注書'!E62) | F63: =IF('印刷・FAX 発注書'!F62="","",'印刷・FAX 発注書'!F62) | G63: =IF('印刷・FAX 発注書'!G62="","",'印刷・FAX 発注書'!G62) | H63: =IF('印刷・FAX 発注書'!H62="","",'印刷・FAX 発注書'!H62) | I63: =IFERROR(ROUNDUP(H63*K63,0),"") | J63: 1 | K63: =J63-L63 -> 0.72 | L63: ='印刷・FAX 発注書'!L62 -> 0.28 | M63: =IF('印刷・FAX 発注書'!M62="","",'印刷・FAX 発注書'!M62) | O63: =IFERROR($M63*N63,0) -> 0 | Q63: =IFERROR($M63*P63,0) -> 0 | S63: =IFERROR($M63*R63,0) -> 0 | U63: =IFERROR($M63*T63,0) -> 0 | W63: =IFERROR($M63*V63,0) -> 0 | Y63: =IFERROR($M63*X63,0) -> 0 | AA63: =IFERROR($M63*Z63,0) -> 0 | AC63: =IFERROR((N63+P63+R63)*M63,"") | AD63: =IFERROR(I63*AC63,"")
A64: 52 | B64: =IF('印刷・FAX 発注書'!B58="","",'印刷・FAX 発注書'!B58) | C64: =IF('印刷・FAX 発注書'!C58="","",'印刷・FAX 発注書'!C58) | D64: =IF('印刷・FAX 発注書'!D58="","",'印刷・FAX 発注書'!D58) | E64: =IF('印刷・FAX 発注書'!E63="","",'印刷・FAX 発注書'!E63) | F64: =IF('印刷・FAX 発注書'!F63="","",'印刷・FAX 発注書'!F63) | G64: =IF('印刷・FAX 発注書'!G63="","",'印刷・FAX 発注書'!G63) | H64: =IF('印刷・FAX 発注書'!H63="","",'印刷・FAX 発注書'!H63) | I64: =IFERROR(ROUNDUP(H64*K64,0),"") | J64: 1 | K64: =J64-L64 -> 0.72 | L64: ='印刷・FAX 発注書'!L63 -> 0.28 | M64: =IF('印刷・FAX 発注書'!M63="","",'印刷・FAX 発注書'!M63) | O64: =IFERROR($M64*N64,0) -> 0 | Q64: =IFERROR($M64*P64,0) -> 0 | S64: =IFERROR($M64*R64,0) -> 0 | U64: =IFERROR($M64*T64,0) -> 0 | W64: =IFERROR($M64*V64,0) -> 0 | Y64: =IFERROR($M64*X64,0) -> 0 | AA64: =IFERROR($M64*Z64,0) -> 0 | AC64: =IFERROR((N64+P64+R64)*M64,"") | AD64: =IFERROR(I64*AC64,"")
A65: 53 | B65: =IF('印刷・FAX 発注書'!B59="","",'印刷・FAX 発注書'!B59) | C65: =IF('印刷・FAX 発注書'!C59="","",'印刷・FAX 発注書'!C59) | D65: =IF('印刷・FAX 発注書'!D59="","",'印刷・FAX 発注書'!D59) | E65: =IF('印刷・FAX 発注書'!E64="","",'印刷・FAX 発注書'!E64) | F65: =IF('印刷・FAX 発注書'!F64="","",'印刷・FAX 発注書'!F64) | G65: =IF('印刷・FAX 発注書'!G64="","",'印刷・FAX 発注書'!G64) | H65: =IF('印刷・FAX 発注書'!H64="","",'印刷・FAX 発注書'!H64) | I65: =IFERROR(ROUNDUP(H65*K65,0),"") | J65: 1 | K65: =J65-L65 -> 0.72 | L65: ='印刷・FAX 発注書'!L64 -> 0.28 | M65: =IF('印刷・FAX 発注書'!M64="","",'印刷・FAX 発注書'!M64) | O65: =IFERROR($M65*N65,0) -> 0 | Q65: =IFERROR($M65*P65,0) -> 0 | S65: =IFERROR($M65*R65,0) -> 0 | U65: =IFERROR($M65*T65,0) -> 0 | W65: =IFERROR($M65*V65,0) -> 0 | Y65: =IFERROR($M65*X65,0) -> 0 | AA65: =IFERROR($M65*Z65,0) -> 0 | AC65: =IFERROR((N65+P65+R65)*M65,"") | AD65: =IFERROR(I65*AC65,"")
A66: 54 | B66: =IF('印刷・FAX 発注書'!B60="","",'印刷・FAX 発注書'!B60) | C66: =IF('印刷・FAX 発注書'!C60="","",'印刷・FAX 発注書'!C60) | D66: =IF('印刷・FAX 発注書'!D60="","",'印刷・FAX 発注書'!D60) | E66: =IF('印刷・FAX 発注書'!E65="","",'印刷・FAX 発注書'!E65) | F66: =IF('印刷・FAX 発注書'!F65="","",'印刷・FAX 発注書'!F65) | G66: =IF('印刷・FAX 発注書'!G65="","",'印刷・FAX 発注書'!G65) | H66: =IF('印刷・FAX 発注書'!H65="","",'印刷・FAX 発注書'!H65) | I66: =IFERROR(ROUNDUP(H66*K66,0),"") | J66: 1 | K66: =J66-L66 -> 1 | L66: ='印刷・FAX 発注書'!L65 -> 0 | M66: =IF('印刷・FAX 発注書'!M65="","",'印刷・FAX 発注書'!M65) | O66: =IFERROR($M66*N66,0) -> 0 | Q66: =IFERROR($M66*#REF!,0) -> 0 | S66: =IFERROR($M66*R66,0) -> 0 | U66: =IFERROR($M66*T66,0) -> 0 | W66: =IFERROR($M66*V66,0) -> 0 | Y66: =IFERROR($M66*X66,0) -> 0 | AA66: =IFERROR($M66*Z66,0) -> 0 | AC66: =IFERROR((N66+#REF!+R66)*M66,"") | AD66: =IFERROR(I66*AC66,"")
A67: 55 | C67: =IF('印刷・FAX 発注書'!C61="","",'印刷・FAX 発注書'!C61) | D67: =IF('印刷・FAX 発注書'!D61="","",'印刷・FAX 発注書'!D61) | E67: =IF('印刷・FAX 発注書'!E66="","",'印刷・FAX 発注書'!E66) | F67: =IF('印刷・FAX 発注書'!F66="","",'印刷・FAX 発注書'!F66) | G67: =IF('印刷・FAX 発注書'!G66="","",'印刷・FAX 発注書'!G66) -> 🍅 旬ベジ情報 🍅 | H67: =IF('印刷・FAX 発注書'!H66="","",'印刷・FAX 発注書'!H66) | I67: =IFERROR(ROUNDUP(H67*K67,0),"") | J67: 1 | K67: =J67-L67 -> 1 | L67: ='印刷・FAX 発注書'!L66 -> 0 | Q67: =IFERROR($M67*P67,0) -> 0 | S67: =IFERROR($M67*R67,0) -> 0 | U67: =IFERROR($M67*T67,0) -> 0 | W67: =IFERROR($M67*V67,0) -> 0 | Y67: =IFERROR($M67*X67,0) -> 0 | AA67: =IFERROR($M67*Z67,0) -> 0 | AC67: =IFERROR((N67+P67+R67)*M67,"") -> 0 | AD67: =IFERROR(I67*AC67,"")
A68: 56 | C68: =IF('印刷・FAX 発注書'!C62="","",'印刷・FAX 発注書'!C62) | D68: =IF('印刷・FAX 発注書'!D62="","",'印刷・FAX 発注書'!D62) | E68: =IF('印刷・FAX 発注書'!E67="","",'印刷・FAX 発注書'!E67) | F68: =IF('印刷・FAX 発注書'!F67="","",'印刷・FAX 発注書'!F67) | G68: =IF('印刷・FAX 発注書'!G67="","",'印刷・FAX 発注書'!G67) -> いつもお世話になっております。ありがとうございます。 | H68: =IF('印刷・FAX 発注書'!H67="","",'印刷・FAX 発注書'!H67) | I68: =IFERROR(ROUNDUP(H68*K68,0),"") | J68: 1 | K68: =J68-L68 -> 1 | L68: ='印刷・FAX 発注書'!L67 -> 0 | Q68: =IFERROR($M68*P68,0) -> 0 | S68: =IFERROR($M68*R68,0) -> 0 | U68: =IFERROR($M68*T68,0) -> 0 | W68: =IFERROR($M68*V68,0) -> 0 | Y68: =IFERROR($M68*X68,0) -> 0 | AA68: =IFERROR($M68*Z68,0) -> 0 | AC68: =IFERROR((N68+P68+R68)*M68,"") -> 0 | AD68: =IFERROR(I68*AC68,"")
A69: 57 | C69: =IF('印刷・FAX 発注書'!C63="","",'印刷・FAX 発注書'!C63) | D69: =IF('印刷・FAX 発注書'!D63="","",'印刷・FAX 発注書'!D63) | E69: =IF('印刷・FAX 発注書'!E68="","",'印刷・FAX 発注書'!E68) | F69: =IF('印刷・FAX 発注書'!F68="","",'印刷・FAX 発注書'!F68) | G69: =IF('印刷・FAX 発注書'!G68="","",'印刷・FAX 発注書'!G68) -> 今週もどうぞよろしくお願いいたします。 | H69: =IF('印刷・FAX 発注書'!H68="","",'印刷・FAX 発注書'!H68) | I69: =IFERROR(ROUNDUP(H69*K69,0),"") | J69: 1 | K69: =J69-L69 -> 1 | L69: ='印刷・FAX 発注書'!L68 -> 0 | Q69: =IFERROR($M69*P69,0) -> 0 | S69: =IFERROR($M69*R69,0) -> 0 | U69: =IFERROR($M69*T69,0) -> 0 | W69: =IFERROR($M69*V69,0) -> 0 | Y69: =IFERROR($M69*X69,0) -> 0 | AA69: =IFERROR($M69*Z69,0) -> 0 | AC69: =IFERROR((N69+P69+R69)*M69,"") -> 0 | AD69: =IFERROR(I69*AC69,"")
A70: 58 | B70: 送料 | D70: =IF('印刷・FAX 発注書'!D64="","",'印刷・FAX 発注書'!D64) | E70: =IF('印刷・FAX 発注書'!E64="","",'印刷・FAX 発注書'!E64) | F70: =IF('印刷・FAX 発注書'!F64="","",'印刷・FAX 発注書'!F64) | G70: =IF('印刷・FAX 発注書'!G64="","",'印刷・FAX 発注書'!G64) | H70: =IF('印刷・FAX 発注書'!H64="","",'印刷・FAX 発注書'!H64) | I70: 0 | L70: =IF(ISERROR(1-I70/H70),"",(1-I70/H70)) | N70: =IF(SUM(N13:N69)<>0,0,0) -> 0 | P70: =IF(SUM(P14:P69)<>0,0,0) -> 0 | Q70: =$M$13*P70 -> 0 | R70: =IF(SUM(R13:R69)<>0,0,0) -> 0 | T70: =IF(SUM(T13:T69)<>0,0,0) -> 0 | V70: =IF(SUM(V13:V69)<>0,0,0) -> 0 | X70: =IF(SUM(X13:X69)<>0,0,0) -> 0 | Z70: =IF(SUM(Z13:Z69)<>0,0,0) -> 0 | AC70: =IFERROR((N70+P70+R70)*M70,"") -> 0 | AD70: =I70*AC70 -> 0
AD71: =SUM(AD13:AD70) -> 3398

Sheet 仙台高野原店
G1: №
B2: 納 品 書 | C2: ='入力 発注書'!G8 -> 46224
D4: 仙台市太白区秋保湯元字寺田原45-11
D5: 有 限 会 社 マ ル カ
E6: TEL 022-398-2408
E7: FAX 022-397-2817
B8: ファミリーマート | C8: 仙台高野原店 様
B9: 下記のとおり納品いたしました
B11: 税込合計金額 ( 原価合計） | C11: =G72+G73 -> 3398 | F11: （消費税額等）
B12: 品 名 | C12: 単 価 | E12: 数 量 | F12: 金 額
C13: 売価 | D13: 原価 | F13: 売価 | G13: 原価
A14: ='入力 発注書'!A13 -> 1 | B14: ='入力 発注書'!B13 -> バナナ | C14: ='印刷・FAX 発注書'!H13 -> 98 | D14: ='印刷・FAX 発注書'!I13 -> 71 | E14: ='入力 発注書'!Q13 -> 0 | F14: =$E14*C14 -> 0 | G14: =$E14*D14 -> 0
A15: ='入力 発注書'!A14 -> 2 | B15: ='入力 発注書'!B14 -> バナナ | C15: ='印刷・FAX 発注書'!H14 -> 216 | D15: ='印刷・FAX 発注書'!I14 -> 156 | E15: ='入力 発注書'!Q14 -> 5 | F15: =$E15*C15 -> 1080 | G15: =E15*D15 -> 780
A16: ='入力 発注書'!A15 -> 3 | B16: ='入力 発注書'!B15 -> 新玉ねぎ | C16: ='印刷・FAX 発注書'!H15 -> 158 | D16: ='印刷・FAX 発注書'!I15 -> 114 | E16: ='入力 発注書'!Q15 -> 0 | F16: =$E16*C16 -> 0 | G16: =E16*D16 -> 0
A17: ='入力 発注書'!A16 -> 4 | B17: ='入力 発注書'!B16 -> 新玉ねぎ | C17: ='印刷・FAX 発注書'!H15 -> 158 | D17: ='印刷・FAX 発注書'!I15 -> 114 | E17: ='入力 発注書'!Q16 -> 5 | F17: =$E17*C17 -> 790 | G17: =E17*D17 -> 570
A18: ='入力 発注書'!A17 -> 5 | B18: ='入力 発注書'!B17 -> 人参（冷蔵保存） | C18: ='印刷・FAX 発注書'!H16 -> 128 | D18: ='印刷・FAX 発注書'!I16 -> 93 | E18: ='入力 発注書'!Q17 -> 0 | F18: =$E18*C18 -> 0 | G18: =E18*D18 -> 0
A19: ='入力 発注書'!A18 -> 6 | B19: ='入力 発注書'!B18 | C19: ='印刷・FAX 発注書'!H17 -> 0 | D19: ='印刷・FAX 発注書'!I17 -> 0 | E19: ='入力 発注書'!Q18 -> 0 | F19: =$E19*C19 -> 0 | G19: =E19*D19 -> 0
A20: ='入力 発注書'!A19 -> 7 | B20: ='入力 発注書'!B19 -> じゃが芋 | C20: ='印刷・FAX 発注書'!H18 -> 128 | D20: ='印刷・FAX 発注書'!I18 -> 93 | E20: ='入力 発注書'!Q19 -> 0 | F20: =$E20*C20 -> 0 | G20: =E20*D20 -> 0
A21: ='入力 発注書'!A20 -> 8 | B21: ='入力 発注書'!B20 -> 胡瓜 | C21: ='印刷・FAX 発注書'!H19 -> 138 | D21: ='印刷・FAX 発注書'!I19 -> 100 | E21: ='入力 発注書'!Q20 -> 0 | F21: =$E21*C21 -> 0 | G21: =E21*D21 -> 0
A22: ='入力 発注書'!A21 -> 9 | B22: ='入力 発注書'!B21 -> トマト | C22: ='印刷・FAX 発注書'!H20 -> 238 | D22: ='印刷・FAX 発注書'!I20 -> 215 | E22: ='入力 発注書'!Q21 -> 0 | F22: =$E22*C22 -> 0 | G22: =E22*D22 -> 0
A23: ='入力 発注書'!A22 -> 10 | B23: ='入力 発注書'!B22 -> レタス | C23: ='印刷・FAX 発注書'!H21 -> 258 | D23: ='印刷・FAX 発注書'!I21 -> 186 | E23: ='入力 発注書'!Q22 -> 0 | F23: =$E23*C23 -> 0 | G23: =E23*D23 -> 0
A24: ='入力 発注書'!A23 -> 11 | B24: ='入力 発注書'!B23 -> ミニトマト | C24: ='印刷・FAX 発注書'!H22 -> 378 | D24: ='印刷・FAX 発注書'!I22 -> 287 | E24: ='入力 発注書'!Q23 -> 0 | F24: =$E24*C24 -> 0 | G24: =E24*D24 -> 0
A25: ='入力 発注書'!A24 -> 12 | B25: ='入力 発注書'!B24 -> ネギ(１本） | C25: ='印刷・FAX 発注書'!H23 -> 108 | D25: ='印刷・FAX 発注書'!I23 -> 78 | E25: ='入力 発注書'!Q24 -> 3 | F25: =$E25*C25 -> 324 | G25: =E25*D25 -> 234
A26: ='入力 発注書'!A25 -> 13 | B26: ='入力 発注書'!B25 -> ピーマン | C26: ='印刷・FAX 発注書'!H24 -> 198 | D26: ='印刷・FAX 発注書'!I24 -> 143 | E26: ='入力 発注書'!Q25 -> 0 | F26: =$E26*C26 -> 0 | G26: =E26*D26 -> 0
A27: ='入力 発注書'!A26 -> 14 | B27: ='入力 発注書'!B26 -> キャベツ | C27: ='印刷・FAX 発注書'!H25 -> 138 | D27: ='印刷・FAX 発注書'!I25 -> 100 | E27: ='入力 発注書'!Q26 -> 2 | F27: =$E27*C27 -> 276 | G27: =E27*D27 -> 200
A28: ='入力 発注書'!A27 -> 15 | B28: ='入力 発注書'!B27 -> キャベツ | C28: ='印刷・FAX 発注書'!H26 -> 358 | D28: ='印刷・FAX 発注書'!I26 -> 258 | E28: ='入力 発注書'!Q27 -> 0 | F28: =$E28*C28 -> 0 | G28: =E28*D28 -> 0
... A70: ='入力 発注書'!A69 -> 57 | B70: ='入力 発注書'!B69 -> 0 | C70: ='印刷・FAX 発注書'!H68 -> 0 | D70: ='印刷・FAX 発注書'!I68 -> 0 | E70: ='入力 発注書'!Q69 -> 0 | F70: =$E70*C70 -> 0 | G70: =E70*D70 -> 0
A71: ='入力 発注書'!A70 -> 58 | B71: ='入力 発注書'!B70 -> 送料 | D71: ='入力 発注書'!P70 -> 0 | E71: ='入力 発注書'!Q70 -> 0 | F71: 0 | G71: =E71*D71 -> 0
B72: 合計(税込み) | D72: 8％対象 | F72: =SUM(F14:F70) -> 4704 | G72: =SUM(G14:G70) -> 3398
D73: 10％対象 | F73: =F71 -> 0 | G73: =G71 -> 0
B74: * 印は軽減税率8％対象商品となります。

Sheet 栗生4丁目店
G1: №
B2: 納 品 書 | C2: ='入力 発注書'!G8 -> 46224
D4: 仙台市太白区秋保湯元字寺田原45-11
D5: 有 限 会 社 マ ル カ
E6: TEL 022-398-2408
E7: FAX 022-397-2817
B8: ファミリーマート | C8: 栗生4丁目店 様
B9: 下記のとおり納品いたしました
B11: 税込合計金額 ( 原価合計） | C11: =G72+G73 -> 0 | F11: （消費税額等）
B12: 品 名 | C12: 単 価 | E12: 数 量 | F12: 金 額
C13: 売価 | D13: 原価 | F13: 売価 | G13: 原価
A14: ='入力 発注書'!A13 -> 1 | B14: ='入力 発注書'!B13 -> バナナ | C14: ='印刷・FAX 発注書'!H13 -> 98 | D14: ='印刷・FAX 発注書'!I13 -> 71 | E14: ='入力 発注書'!S13 -> 0 | F14: =$E14*C14 -> 0 | G14: =$E14*D14 -> 0
A15: ='入力 発注書'!A14 -> 2 | B15: ='入力 発注書'!B14 -> バナナ | C15: ='印刷・FAX 発注書'!H14 -> 216 | D15: ='印刷・FAX 発注書'!I14 -> 156 | E15: ='入力 発注書'!S14 -> 0 | F15: =$E15*C15 -> 0 | G15: =E15*D15 -> 0
A16: ='入力 発注書'!A15 -> 3 | B16: ='入力 発注書'!B15 -> 新玉ねぎ | C16: ='印刷・FAX 発注書'!H15 -> 158 | D16: ='印刷・FAX 発注書'!I15 -> 114 | E16: ='入力 発注書'!S15 -> 0 | F16: =$E16*C16 -> 0 | G16: =E16*D16 -> 0
A17: ='入力 発注書'!A16 -> 4 | B17: ='入力 発注書'!B16 -> 新玉ねぎ | C17: ='印刷・FAX 発注書'!H15 -> 158 | D17: ='印刷・FAX 発注書'!I15 -> 114 | E17: ='入力 発注書'!S16 -> 0 | F17: =$E17*C17 -> 0 | G17: =E17*D17 -> 0
A18: ='入力 発注書'!A17 -> 5 | B18: ='入力 発注書'!B17 -> 人参（冷蔵保存） | C18: ='印刷・FAX 発注書'!H16 -> 128 | D18: ='印刷・FAX 発注書'!I16 -> 93 | E18: ='入力 発注書'!S17 -> 0 | F18: =$E18*C18 -> 0 | G18: =E18*D18 -> 0
A19: ='入力 発注書'!A18 -> 6 | B19: ='入力 発注書'!B18 | C19: ='印刷・FAX 発注書'!H17 -> 0 | D19: ='印刷・FAX 発注書'!I17 -> 0 | E19: ='入力 発注書'!S18 -> 0 | F19: =$E19*C19 -> 0 | G19: =E19*D19 -> 0
A20: ='入力 発注書'!A19 -> 7 | B20: ='入力 発注書'!B19 -> じゃが芋 | C20: ='印刷・FAX 発注書'!H18 -> 128 | D20: ='印刷・FAX 発注書'!I18 -> 93 | E20: ='入力 発注書'!S19 -> 0 | F20: =$E20*C20 -> 0 | G20: =E20*D20 -> 0
A21: ='入力 発注書'!A20 -> 8 | B21: ='入力 発注書'!B20 -> 胡瓜 | C21: ='印刷・FAX 発注書'!H19 -> 138 | D21: ='印刷・FAX 発注書'!I19 -> 100 | E21: ='入力 発注書'!S20 -> 0 | F21: =$E21*C21 -> 0 | G21: =E21*D21 -> 0
A22: ='入力 発注書'!A21 -> 9 | B22: ='入力 発注書'!B21 -> トマト | C22: ='印刷・FAX 発注書'!H20 -> 238 | D22: ='印刷・FAX 発注書'!I20 -> 215 | E22: ='入力 発注書'!S21 -> 0 | F22: =$E22*C22 -> 0 | G22: =E22*D22 -> 0
A23: ='入力 発注書'!A22 -> 10 | B23: ='入力 発注書'!B22 -> レタス | C23: ='印刷・FAX 発注書'!H21 -> 258 | D23: ='印刷・FAX 発注書'!I21 -> 186 | E23: ='入力 発注書'!S22 -> 0 | F23: =$E23*C23 -> 0 | G23: =E23*D23 -> 0
A24: ='入力 発注書'!A23 -> 11 | B24: ='入力 発注書'!B23 -> ミニトマト | C24: ='印刷・FAX 発注書'!H22 -> 378 | D24: ='印刷・FAX 発注書'!I22 -> 287 | E24: ='入力 発注書'!S23 -> 0 | F24: =$E24*C24 -> 0 | G24: =E24*D24 -> 0
A25: ='入力 発注書'!A24 -> 12 | B25: ='入力 発注書'!B24 -> ネギ(１本） | C25: ='印刷・FAX 発注書'!H23 -> 108 | D25: ='印刷・FAX 発注書'!I23 -> 78 | E25: ='入力 発注書'!S24 -> 0 | F25: =$E25*C25 -> 0 | G25: =E25*D25 -> 0
A26: ='入力 発注書'!A25 -> 13 | B26: ='入力 発注書'!B25 -> ピーマン | C26: ='印刷・FAX 発注書'!H24 -> 198 | D26: ='印刷・FAX 発注書'!I24 -> 143 | E26: ='入力 発注書'!S25 -> 0 | F26: =$E26*C26 -> 0 | G26: =E26*D26 -> 0
A27: ='入力 発注書'!A26 -> 14 | B27: ='入力 発注書'!B26 -> キャベツ | C27: ='印刷・FAX 発注書'!H25 -> 138 | D27: ='印刷・FAX 発注書'!I25 -> 100 | E27: ='入力 発注書'!S26 -> 0 | F27: =$E27*C27 -> 0 | G27: =E27*D27 -> 0
A28: ='入力 発注書'!A27 -> 15 | B28: ='入力 発注書'!B27 -> キャベツ | C28: ='印刷・FAX 発注書'!H26 -> 358 | D28: ='印刷・FAX 発注書'!I26 -> 258 | E28: ='入力 発注書'!S27 -> 0 | F28: =$E28*C28 -> 0 | G28: =E28*D28 -> 0
... A70: ='入力 発注書'!A69 -> 57 | B70: ='入力 発注書'!B69 -> 0 | C70: ='印刷・FAX 発注書'!H68 -> 0 | D70: ='印刷・FAX 発注書'!I68 -> 0 | E70: ='入力 発注書'!S69 -> 0 | F70: =$E70*C70 -> 0 | G70: =E70*D70 -> 0
A71: ='入力 発注書'!A70 -> 58 | B71: ='入力 発注書'!B70 -> 送料 | D71: ='入力 発注書'!R70 -> 0 | E71: ='入力 発注書'!S70 -> 0 | F71: 0 | G71: =E71*D71 -> 0
B72: 合計(税込み) | D72: 8％対象 | F72: =SUM(F14:F70) -> 0 | G72: =SUM(G14:G70) -> 0
D73: 10％対象 | F73: 0 | G73: =G71 -> 0
B74: * 印は軽減税率8％対象商品となります。

Sheet AA
G1: №
B2: 納 品 書 | C2: ='入力 発注書'!G8 -> 46224
D4: 仙台市太白区秋保湯元字寺田原45-11
D5: 有 限 会 社 マ ル カ
E6: TEL 022-398-2408
E7: FAX 022-397-2817
B8: ファミリーマート | C8: 堤町店 様
B9: 下記のとおり納品いたしました
B11: 税込合計金額 ( 原価合計） | C11: =G72+G73 -> #REF! | F11: （消費税額等）
B12: 品 名 | C12: 単 価 | E12: 数 量 | F12: 金 額
C13: 売価 | D13: 原価 | F13: 売価 | G13: 原価
A14: ='入力 発注書'!A13 -> 1 | B14: ='入力 発注書'!B13 -> バナナ | C14: ='印刷・FAX 発注書'!H13 -> 98 | D14: ='印刷・FAX 発注書'!I13 -> 71 | E14: ='入力 発注書'!U13 -> 0 | F14: =$E14*C14 -> 0 | G14: =$E14*D14 -> 0
A15: ='入力 発注書'!A14 -> 2 | B15: ='入力 発注書'!B14 -> バナナ | C15: ='印刷・FAX 発注書'!H14 -> 216 | D15: ='印刷・FAX 発注書'!I14 -> 156 | E15: ='入力 発注書'!U14 -> 0 | F15: =$E15*C15 -> 0 | G15: =E15*D15 -> 0
A16: ='入力 発注書'!A15 -> 3 | B16: ='入力 発注書'!B15 -> 新玉ねぎ | C16: ='印刷・FAX 発注書'!#REF! -> #REF! | D16: ='印刷・FAX 発注書'!#REF! -> #REF! | E16: ='入力 発注書'!U15 -> 0 | F16: =$E16*C16 -> #REF! | G16: =E16*D16 -> #REF!
A17: ='入力 発注書'!A16 -> 4 | B17: ='入力 発注書'!B16 -> 新玉ねぎ | C17: ='印刷・FAX 発注書'!H15 -> 158 | D17: ='印刷・FAX 発注書'!I15 -> 114 | E17: ='入力 発注書'!U16 -> 0 | F17: =$E17*C17 -> 0 | G17: =E17*D17 -> 0
A18: ='入力 発注書'!A17 -> 5 | B18: ='入力 発注書'!B17 -> 人参（冷蔵保存） | C18: ='印刷・FAX 発注書'!H16 -> 128 | D18: ='印刷・FAX 発注書'!I16 -> 93 | E18: ='入力 発注書'!U17 -> 0 | F18: =$E18*C18 -> 0 | G18: =E18*D18 -> 0
A19: ='入力 発注書'!A18 -> 6 | B19: ='入力 発注書'!B18 | C19: ='印刷・FAX 発注書'!H17 -> 0 | D19: ='印刷・FAX 発注書'!I17 -> 0 | E19: ='入力 発注書'!U18 -> 0 | F19: =$E19*C19 -> 0 | G19: =E19*D19 -> 0
A20: ='入力 発注書'!A19 -> 7 | B20: ='入力 発注書'!B19 -> じゃが芋 | C20: ='印刷・FAX 発注書'!H18 -> 128 | D20: ='印刷・FAX 発注書'!I18 -> 93 | E20: ='入力 発注書'!U19 -> 0 | F20: =$E20*C20 -> 0 | G20: =E20*D20 -> 0
A21: ='入力 発注書'!A20 -> 8 | B21: ='入力 発注書'!B20 -> 胡瓜 | C21: ='印刷・FAX 発注書'!H19 -> 138 | D21: ='印刷・FAX 発注書'!I19 -> 100 | E21: ='入力 発注書'!U20 -> 0 | F21: =$E21*C21 -> 0 | G21: =E21*D21 -> 0
A22: ='入力 発注書'!A21 -> 9 | B22: ='入力 発注書'!B21 -> トマト | C22: ='印刷・FAX 発注書'!H20 -> 238 | D22: ='印刷・FAX 発注書'!I20 -> 215 | E22: ='入力 発注書'!U21 -> 0 | F22: =$E22*C22 -> 0 | G22: =E22*D22 -> 0
A23: ='入力 発注書'!A22 -> 10 | B23: ='入力 発注書'!B22 -> レタス | C23: ='印刷・FAX 発注書'!H21 -> 258 | D23: ='印刷・FAX 発注書'!I21 -> 186 | E23: ='入力 発注書'!U22 -> 0 | F23: =$E23*C23 -> 0 | G23: =E23*D23 -> 0
A24: ='入力 発注書'!A23 -> 11 | B24: ='入力 発注書'!B23 -> ミニトマト | C24: ='印刷・FAX 発注書'!H22 -> 378 | D24: ='印刷・FAX 発注書'!I22 -> 287 | E24: ='入力 発注書'!U23 -> 0 | F24: =$E24*C24 -> 0 | G24: =E24*D24 -> 0
A25: ='入力 発注書'!A24 -> 12 | B25: ='入力 発注書'!B24 -> ネギ(１本） | C25: ='印刷・FAX 発注書'!H23 -> 108 | D25: ='印刷・FAX 発注書'!I23 -> 78 | E25: ='入力 発注書'!U24 -> 0 | F25: =$E25*C25 -> 0 | G25: =E25*D25 -> 0
A26: ='入力 発注書'!A25 -> 13 | B26: ='入力 発注書'!B25 -> ピーマン | C26: ='印刷・FAX 発注書'!H24 -> 198 | D26: ='印刷・FAX 発注書'!I24 -> 143 | E26: ='入力 発注書'!U25 -> 0 | F26: =$E26*C26 -> 0 | G26: =E26*D26 -> 0
A27: ='入力 発注書'!A26 -> 14 | B27: ='入力 発注書'!B26 -> キャベツ | C27: ='印刷・FAX 発注書'!H25 -> 138 | D27: ='印刷・FAX 発注書'!I25 -> 100 | E27: ='入力 発注書'!U26 -> 0 | F27: =$E27*C27 -> 0 | G27: =E27*D27 -> 0
A28: ='入力 発注書'!A27 -> 15 | B28: ='入力 発注書'!B27 -> キャベツ | C28: ='印刷・FAX 発注書'!H26 -> 358 | D28: ='印刷・FAX 発注書'!I26 -> 258 | E28: ='入力 発注書'!U27 -> 0 | F28: =$E28*C28 -> 0 | G28: =E28*D28 -> 0
... A70: ='入力 発注書'!A69 -> 57 | B70: ='入力 発注書'!B69 -> 0 | C70: ='印刷・FAX 発注書'!H68 -> 0 | D70: ='印刷・FAX 発注書'!I68 -> 0 | E70: ='入力 発注書'!U69 -> 0 | F70: =$E70*C70 -> 0 | G70: =E70*D70 -> 0
A71: ='入力 発注書'!A70 -> 58 | B71: ='入力 発注書'!B70 -> 送料 | D71: ='入力 発注書'!T70 -> 0 | E71: ='入力 発注書'!U70 -> 0 | G71: =E71*D71 -> 0
B72: 合計(税込み) | D72: 8％対象 | F72: =SUM(F14:F70) -> #REF! | G72: =SUM(G14:G70) -> #REF!
D73: 10％対象 | G73: =G71 -> 0
B74: * 印は軽減税率8％対象商品となります。

Sheet BB
G1: №
B2: 納 品 書 | C2: ='入力 発注書'!G8 -> 46224
D4: 仙台市太白区秋保湯元字寺田原45-11
D5: 有 限 会 社 マ ル カ
E6: TEL 022-398-2408
E7: FAX 022-397-2817
B8: ファミリーマート | C8: 広瀬立町店 様
B9: 下記のとおり納品いたしました
B11: 税込合計金額 ( 原価合計） | C11: =G72+G73 -> #REF! | F11: （消費税額等）
B12: 品 名 | C12: 単 価 | E12: 数 量 | F12: 金 額
C13: 売価 | D13: 原価 | F13: 売価 | G13: 原価
A14: ='入力 発注書'!A13 -> 1 | B14: ='入力 発注書'!B13 -> バナナ | C14: ='印刷・FAX 発注書'!H13 -> 98 | D14: ='印刷・FAX 発注書'!I13 -> 71 | E14: ='入力 発注書'!W13 -> 0 | F14: =$E14*C14 -> 0 | G14: =$E14*D14 -> 0
A15: ='入力 発注書'!A14 -> 2 | B15: ='入力 発注書'!B14 -> バナナ | C15: ='印刷・FAX 発注書'!H14 -> 216 | D15: ='印刷・FAX 発注書'!I14 -> 156 | E15: ='入力 発注書'!W14 -> 0 | F15: =$E15*C15 -> 0 | G15: =E15*D15 -> 0
A16: ='入力 発注書'!A15 -> 3 | B16: ='入力 発注書'!B15 -> 新玉ねぎ | C16: ='印刷・FAX 発注書'!#REF! -> #REF! | D16: ='印刷・FAX 発注書'!#REF! -> #REF! | E16: ='入力 発注書'!W15 -> 0 | F16: =$E16*C16 -> #REF! | G16: =E16*D16 -> #REF!
A17: ='入力 発注書'!A16 -> 4 | B17: ='入力 発注書'!B16 -> 新玉ねぎ | C17: ='印刷・FAX 発注書'!H15 -> 158 | D17: ='印刷・FAX 発注書'!I15 -> 114 | E17: ='入力 発注書'!W16 -> 0 | F17: =$E17*C17 -> 0 | G17: =E17*D17 -> 0
A18: ='入力 発注書'!A17 -> 5 | B18: ='入力 発注書'!B17 -> 人参（冷蔵保存） | C18: ='印刷・FAX 発注書'!H16 -> 128 | D18: ='印刷・FAX 発注書'!I16 -> 93 | E18: ='入力 発注書'!W17 -> 0 | F18: =$E18*C18 -> 0 | G18: =E18*D18 -> 0
A19: ='入力 発注書'!A18 -> 6 | B19: ='入力 発注書'!B18 | C19: ='印刷・FAX 発注書'!H17 -> 0 | D19: ='印刷・FAX 発注書'!I17 -> 0 | E19: ='入力 発注書'!W18 -> 0 | F19: =$E19*C19 -> 0 | G19: =E19*D19 -> 0
A20: ='入力 発注書'!A19 -> 7 | B20: ='入力 発注書'!B19 -> じゃが芋 | C20: ='印刷・FAX 発注書'!H18 -> 128 | D20: ='印刷・FAX 発注書'!I18 -> 93 | E20: ='入力 発注書'!W19 -> 0 | F20: =$E20*C20 -> 0 | G20: =E20*D20 -> 0
A21: ='入力 発注書'!A20 -> 8 | B21: ='入力 発注書'!B20 -> 胡瓜 | C21: ='印刷・FAX 発注書'!H19 -> 138 | D21: ='印刷・FAX 発注書'!I19 -> 100 | E21: ='入力 発注書'!W20 -> 0 | F21: =$E21*C21 -> 0 | G21: =E21*D21 -> 0
A22: ='入力 発注書'!A21 -> 9 | B22: ='入力 発注書'!B21 -> トマト | C22: ='印刷・FAX 発注書'!H20 -> 238 | D22: ='印刷・FAX 発注書'!I20 -> 215 | E22: ='入力 発注書'!W21 -> 0 | F22: =$E22*C22 -> 0 | G22: =E22*D22 -> 0
A23: ='入力 発注書'!A22 -> 10 | B23: ='入力 発注書'!B22 -> レタス | C23: ='印刷・FAX 発注書'!H21 -> 258 | D23: ='印刷・FAX 発注書'!I21 -> 186 | E23: ='入力 発注書'!W22 -> 0 | F23: =$E23*C23 -> 0 | G23: =E23*D23 -> 0
A24: ='入力 発注書'!A23 -> 11 | B24: ='入力 発注書'!B23 -> ミニトマト | C24: ='印刷・FAX 発注書'!H22 -> 378 | D24: ='印刷・FAX 発注書'!I22 -> 287 | E24: ='入力 発注書'!W23 -> 0 | F24: =$E24*C24 -> 0 | G24: =E24*D24 -> 0
A25: ='入力 発注書'!A24 -> 12 | B25: ='入力 発注書'!B24 -> ネギ(１本） | C25: ='印刷・FAX 発注書'!H23 -> 108 | D25: ='印刷・FAX 発注書'!I23 -> 78 | E25: ='入力 発注書'!W24 -> 0 | F25: =$E25*C25 -> 0 | G25: =E25*D25 -> 0
A26: ='入力 発注書'!A25 -> 13 | B26: ='入力 発注書'!B25 -> ピーマン | C26: ='印刷・FAX 発注書'!H24 -> 198 | D26: ='印刷・FAX 発注書'!I24 -> 143 | E26: ='入力 発注書'!W25 -> 0 | F26: =$E26*C26 -> 0 | G26: =E26*D26 -> 0
A27: ='入力 発注書'!A26 -> 14 | B27: ='入力 発注書'!B26 -> キャベツ | C27: ='印刷・FAX 発注書'!H25 -> 138 | D27: ='印刷・FAX 発注書'!I25 -> 100 | E27: ='入力 発注書'!W26 -> 0 | F27: =$E27*C27 -> 0 | G27: =E27*D27 -> 0
A28: ='入力 発注書'!A27 -> 15 | B28: ='入力 発注書'!B27 -> キャベツ | C28: ='印刷・FAX 発注書'!H26 -> 358 | D28: ='印刷・FAX 発注書'!I26 -> 258 | E28: ='入力 発注書'!W27 -> 0 | F28: =$E28*C28 -> 0 | G28: =E28*D28 -> 0
... A70: ='入力 発注書'!A69 -> 57 | B70: ='入力 発注書'!B69 -> 0 | C70: ='印刷・FAX 発注書'!H68 -> 0 | D70: ='印刷・FAX 発注書'!I68 -> 0 | E70: ='入力 発注書'!W69 -> 0 | F70: =$E70*C70 -> 0 | G70: =E70*D70 -> 0
A71: ='入力 発注書'!A70 -> 58 | B71: ='入力 発注書'!B70 -> 送料 | D71: ='入力 発注書'!V70 -> 0 | E71: ='入力 発注書'!W70 -> 0 | G71: =E71*D71 -> 0
B72: 合計(税込み) | D72: 8％対象 | F72: =SUM(F14:F70) -> #REF! | G72: =SUM(G14:G70) -> #REF!
D73: 10％対象 | G73: =G71 -> 0
B74: * 印は軽減税率8％対象商品となります。

Sheet A
G1: №
B2: 納 品 書 | C2: ='入力 発注書'!G8 -> 46224
D4: 仙台市太白区秋保湯元字寺田原45-11
D5: 有 限 会 社 マ ル カ
E6: TEL 022-398-2408
E7: FAX 022-397-2817
B8: ファミリーマート | C8: A店 様
B9: 下記のとおり納品いたしました
B11: 税込合計金額 ( 原価合計） | C11: =G72+G73 -> #REF! | F11: （消費税額等）
B12: 品 名 | C12: 単 価 | E12: 数 量 | F12: 金 額
C13: 売価 | D13: 原価 | F13: 売価 | G13: 原価
A14: ='入力 発注書'!A13 -> 1 | B14: ='入力 発注書'!B13 -> バナナ | C14: ='印刷・FAX 発注書'!H13 -> 98 | D14: ='印刷・FAX 発注書'!I13 -> 71 | E14: ='入力 発注書'!Y13 -> 0 | F14: =$E14*C14 -> 0 | G14: =$E14*D14 -> 0
A15: ='入力 発注書'!A14 -> 2 | B15: ='入力 発注書'!B14 -> バナナ | C15: ='印刷・FAX 発注書'!H14 -> 216 | D15: ='印刷・FAX 発注書'!I14 -> 156 | E15: ='入力 発注書'!Y14 -> 0 | F15: =$E15*C15 -> 0 | G15: =$E15*D15 -> 0
A16: ='入力 発注書'!A15 -> 3 | B16: ='入力 発注書'!B15 -> 新玉ねぎ | C16: ='印刷・FAX 発注書'!#REF! -> #REF! | D16: ='印刷・FAX 発注書'!#REF! -> #REF! | E16: ='入力 発注書'!Y15 -> 0 | F16: =$E16*C16 -> #REF! | G16: =$E16*D16 -> #REF!
A17: ='入力 発注書'!A16 -> 4 | B17: ='入力 発注書'!B16 -> 新玉ねぎ | C17: ='印刷・FAX 発注書'!H15 -> 158 | D17: ='印刷・FAX 発注書'!I15 -> 114 | E17: ='入力 発注書'!Y16 -> 0 | F17: =$E17*C17 -> 0 | G17: =$E17*D17 -> 0
A18: ='入力 発注書'!A17 -> 5 | B18: ='入力 発注書'!B17 -> 人参（冷蔵保存） | C18: ='印刷・FAX 発注書'!H16 -> 128 | D18: ='印刷・FAX 発注書'!I16 -> 93 | E18: ='入力 発注書'!Y17 -> 0 | F18: =$E18*C18 -> 0 | G18: =$E18*D18 -> 0
A19: ='入力 発注書'!A18 -> 6 | B19: ='入力 発注書'!B18 | C19: ='印刷・FAX 発注書'!H17 -> 0 | D19: ='印刷・FAX 発注書'!I17 -> 0 | E19: ='入力 発注書'!Y18 -> 0 | F19: =$E19*C19 -> 0 | G19: =$E19*D19 -> 0
A20: ='入力 発注書'!A19 -> 7 | B20: ='入力 発注書'!B19 -> じゃが芋 | C20: ='印刷・FAX 発注書'!H18 -> 128 | D20: ='印刷・FAX 発注書'!I18 -> 93 | E20: ='入力 発注書'!Y19 -> 0 | F20: =$E20*C20 -> 0 | G20: =$E20*D20 -> 0
A21: ='入力 発注書'!A20 -> 8 | B21: ='入力 発注書'!B20 -> 胡瓜 | C21: ='印刷・FAX 発注書'!H19 -> 138 | D21: ='印刷・FAX 発注書'!I19 -> 100 | E21: ='入力 発注書'!Y20 -> 0 | F21: =$E21*C21 -> 0 | G21: =$E21*D21 -> 0
A22: ='入力 発注書'!A21 -> 9 | B22: ='入力 発注書'!B21 -> トマト | C22: ='印刷・FAX 発注書'!H20 -> 238 | D22: ='印刷・FAX 発注書'!I20 -> 215 | E22: ='入力 発注書'!Y21 -> 0 | F22: =$E22*C22 -> 0 | G22: =$E22*D22 -> 0
A23: ='入力 発注書'!A22 -> 10 | B23: ='入力 発注書'!B22 -> レタス | C23: ='印刷・FAX 発注書'!H21 -> 258 | D23: ='印刷・FAX 発注書'!I21 -> 186 | E23: ='入力 発注書'!Y22 -> 0 | F23: =$E23*C23 -> 0 | G23: =$E23*D23 -> 0
A24: ='入力 発注書'!A23 -> 11 | B24: ='入力 発注書'!B23 -> ミニトマト | C24: ='印刷・FAX 発注書'!H22 -> 378 | D24: ='印刷・FAX 発注書'!I22 -> 287 | E24: ='入力 発注書'!Y23 -> 0 | F24: =$E24*C24 -> 0 | G24: =$E24*D24 -> 0
A25: ='入力 発注書'!A24 -> 12 | B25: ='入力 発注書'!B24 -> ネギ(１本） | C25: ='印刷・FAX 発注書'!H23 -> 108 | D25: ='印刷・FAX 発注書'!I23 -> 78 | E25: ='入力 発注書'!Y24 -> 0 | F25: =$E25*C25 -> 0 | G25: =$E25*D25 -> 0
A26: ='入力 発注書'!A25 -> 13 | B26: ='入力 発注書'!B25 -> ピーマン | C26: ='印刷・FAX 発注書'!H24 -> 198 | D26: ='印刷・FAX 発注書'!I24 -> 143 | E26: ='入力 発注書'!Y25 -> 0 | F26: =$E26*C26 -> 0 | G26: =$E26*D26 -> 0
A27: ='入力 発注書'!A26 -> 14 | B27: ='入力 発注書'!B26 -> キャベツ | C27: ='印刷・FAX 発注書'!H25 -> 138 | D27: ='印刷・FAX 発注書'!I25 -> 100 | E27: ='入力 発注書'!Y26 -> 0 | F27: =$E27*C27 -> 0 | G27: =$E27*D27 -> 0
A28: ='入力 発注書'!A27 -> 15 | B28: ='入力 発注書'!B27 -> キャベツ | C28: ='印刷・FAX 発注書'!H26 -> 358 | D28: ='印刷・FAX 発注書'!I26 -> 258 | E28: ='入力 発注書'!Y27 -> 0 | F28: =$E28*C28 -> 0 | G28: =$E28*D28 -> 0
... A70: ='入力 発注書'!A69 -> 57 | B70: ='入力 発注書'!B69 -> 0 | C70: ='印刷・FAX 発注書'!H68 -> 0 | D70: ='印刷・FAX 発注書'!I68 -> 0 | E70: ='入力 発注書'!Y69 -> 0 | F70: =$E70*C70 -> 0 | G70: =$E70*D70 -> 0
A71: ='入力 発注書'!A70 -> 58 | B71: ='入力 発注書'!B70 -> 送料 | D71: ='入力 発注書'!X70 -> 0 | E71: ='入力 発注書'!Y70 -> 0 | G71: =E71*D71 -> 0
B72: 合計(税込み) | D72: 8％対象 | F72: =SUM(F14:F70) -> #REF! | G72: =SUM(G14:G70) -> #REF!
D73: 10％対象 | G73: =G71 -> 0
B74: * 印は軽減税率8％対象商品となります。

Sheet B
G1: №
B2: 納 品 書 | C2: ='入力 発注書'!G8 -> 46224
D4: 仙台市太白区秋保湯元字寺田原45-11
D5: 有 限 会 社 マ ル カ
E6: TEL 022-398-2408
E7: FAX 022-397-2817
B8: ファミリーマート | C8: B店 様
B9: 下記のとおり納品いたしました
B11: 税込合計金額 ( 原価合計） | C11: =G72+G73 -> #REF! | F11: （消費税額等）
B12: 品 名 | C12: 単 価 | E12: 数 量 | F12: 金 額
C13: 売価 | D13: 原価 | F13: 売価 | G13: 原価
A14: ='入力 発注書'!A13 -> 1 | B14: ='入力 発注書'!B13 -> バナナ | C14: ='印刷・FAX 発注書'!H13 -> 98 | D14: ='印刷・FAX 発注書'!I13 -> 71 | E14: ='入力 発注書'!AA13 -> 0 | F14: =$E14*C14 -> 0 | G14: =$E14*D14 -> 0
A15: ='入力 発注書'!A14 -> 2 | B15: ='入力 発注書'!B14 -> バナナ | C15: ='印刷・FAX 発注書'!H14 -> 216 | D15: ='印刷・FAX 発注書'!I14 -> 156 | E15: ='入力 発注書'!AA14 -> 0 | F15: =$E15*C15 -> 0 | G15: =E15*D15 -> 0
A16: ='入力 発注書'!A15 -> 3 | B16: ='入力 発注書'!B15 -> 新玉ねぎ | C16: ='印刷・FAX 発注書'!#REF! -> #REF! | D16: ='印刷・FAX 発注書'!#REF! -> #REF! | E16: ='入力 発注書'!AA15 -> 0 | F16: =$E16*C16 -> #REF! | G16: =E16*D16 -> #REF!
A17: ='入力 発注書'!A16 -> 4 | B17: ='入力 発注書'!B16 -> 新玉ねぎ | C17: ='印刷・FAX 発注書'!H15 -> 158 | D17: ='印刷・FAX 発注書'!I15 -> 114 | E17: ='入力 発注書'!AA16 -> 0 | F17: =$E17*C17 -> 0 | G17: =E17*D17 -> 0
A18: ='入力 発注書'!A17 -> 5 | B18: ='入力 発注書'!B17 -> 人参（冷蔵保存） | C18: ='印刷・FAX 発注書'!H16 -> 128 | D18: ='印刷・FAX 発注書'!I16 -> 93 | E18: ='入力 発注書'!AA17 -> 0 | F18: =$E18*C18 -> 0 | G18: =E18*D18 -> 0
A19: ='入力 発注書'!A18 -> 6 | B19: ='入力 発注書'!B18 | C19: ='印刷・FAX 発注書'!H17 -> 0 | D19: ='印刷・FAX 発注書'!I17 -> 0 | E19: ='入力 発注書'!AA18 -> 0 | F19: =$E19*C19 -> 0 | G19: =E19*D19 -> 0
A20: ='入力 発注書'!A19 -> 7 | B20: ='入力 発注書'!B19 -> じゃが芋 | C20: ='印刷・FAX 発注書'!H18 -> 128 | D20: ='印刷・FAX 発注書'!I18 -> 93 | E20: ='入力 発注書'!AA19 -> 0 | F20: =$E20*C20 -> 0 | G20: =E20*D20 -> 0
A21: ='入力 発注書'!A20 -> 8 | B21: ='入力 発注書'!B20 -> 胡瓜 | C21: ='印刷・FAX 発注書'!H19 -> 138 | D21: ='印刷・FAX 発注書'!I19 -> 100 | E21: ='入力 発注書'!AA20 -> 0 | F21: =$E21*C21 -> 0 | G21: =E21*D21 -> 0
A22: ='入力 発注書'!A21 -> 9 | B22: ='入力 発注書'!B21 -> トマト | C22: ='印刷・FAX 発注書'!H20 -> 238 | D22: ='印刷・FAX 発注書'!I20 -> 215 | E22: ='入力 発注書'!AA21 -> 0 | F22: =$E22*C22 -> 0 | G22: =E22*D22 -> 0
A23: ='入力 発注書'!A22 -> 10 | B23: ='入力 発注書'!B22 -> レタス | C23: ='印刷・FAX 発注書'!H21 -> 258 | D23: ='印刷・FAX 発注書'!I21 -> 186 | E23: ='入力 発注書'!AA22 -> 0 | F23: =$E23*C23 -> 0 | G23: =E23*D23 -> 0
A24: ='入力 発注書'!A23 -> 11 | B24: ='入力 発注書'!B23 -> ミニトマト | C24: ='印刷・FAX 発注書'!H22 -> 378 | D24: ='印刷・FAX 発注書'!I22 -> 287 | E24: ='入力 発注書'!AA23 -> 0 | F24: =$E24*C24 -> 0 | G24: =E24*D24 -> 0
A25: ='入力 発注書'!A24 -> 12 | B25: ='入力 発注書'!B24 -> ネギ(１本） | C25: ='印刷・FAX 発注書'!H23 -> 108 | D25: ='印刷・FAX 発注書'!I23 -> 78 | E25: ='入力 発注書'!AA24 -> 0 | F25: =$E25*C25 -> 0 | G25: =E25*D25 -> 0
A26: ='入力 発注書'!A25 -> 13 | B26: ='入力 発注書'!B25 -> ピーマン | C26: ='印刷・FAX 発注書'!H24 -> 198 | D26: ='印刷・FAX 発注書'!I24 -> 143 | E26: ='入力 発注書'!AA25 -> 0 | F26: =$E26*C26 -> 0 | G26: =E26*D26 -> 0
A27: ='入力 発注書'!A26 -> 14 | B27: ='入力 発注書'!B26 -> キャベツ | C27: ='印刷・FAX 発注書'!H25 -> 138 | D27: ='印刷・FAX 発注書'!I25 -> 100 | E27: ='入力 発注書'!AA26 -> 0 | F27: =$E27*C27 -> 0 | G27: =E27*D27 -> 0
A28: ='入力 発注書'!A27 -> 15 | B28: ='入力 発注書'!B27 -> キャベツ | C28: ='印刷・FAX 発注書'!H26 -> 358 | D28: ='印刷・FAX 発注書'!I26 -> 258 | E28: ='入力 発注書'!AA27 -> 0 | F28: =$E28*C28 -> 0 | G28: =E28*D28 -> 0
A29: ='入力 発注書'!A28 -> 16 | B29: ='入力 発注書'!B28 -> 白菜1/2 | C29: ='印刷・FAX 発注書'!H27 -> 108 | D29: ='印刷・FAX 発注書'!I27 -> 78 | E29: ='入力 発注書'!AA28 -> 0 | F29: =$E29*C29 -> 0 | G29: =E29*D29 -> 0
A30: ='入力 発注書'!A29 -> 17 | B30: ='入力 発注書'!B29 -> 小松菜 | C30: ='印刷・FAX 発注書'!#REF! -> #REF! | D30: ='印刷・FAX 発注書'!#REF! -> #REF! | E30: ='入力 発注書'!AA29 -> 0 | F30: =$E30*C30 -> #REF! | G30: =E30*D30 -> #REF!
A31: ='入力 発注書'!A30 -> 18 | B31: ='入力 発注書'!B30 -> 大根1/2 | C31: ='印刷・FAX 発注書'!H28 -> 168 | D31: ='印刷・FAX 発注書'!I28 -> 121 | E31: ='入力 発注書'!AA30 -> 0 | F31: =$E31*C31 -> 0 | G31: =E31*D31 -> 0
A32: ='入力 発注書'!A31 -> 19 | B32: ='入力 発注書'!B31 -> ほうれん草 | C32: ='印刷・FAX 発注書'!H29 -> 148 | D32: ='印刷・FAX 発注書'!I29 -> 107 | E32: ='入力 発注書'!AA31 -> 0 | F32: =$E32*C32 -> 0 | G32: =E32*D32 -> 0
A33: ='入力 発注書'!A32 -> 20 | B33: ='入力 発注書'!B32 -> 茄子 | C33: ='印刷・FAX 発注書'!H30 -> 238 | D33: ='印刷・FAX 発注書'!I30 -> 172 | E33: ='入力 発注書'!AA32 -> 0 | F33: =$E33*C33 -> 0 | G33: =E33*D33 -> 0
A34: ='入力 発注書'!A33 -> 21 | B34: ='入力 発注書'!B33 -> 国産生姜 | C34: ='印刷・FAX 発注書'!#REF! -> #REF! | D34: ='印刷・FAX 発注書'!#REF! -> #REF! | E34: ='入力 発注書'!AA33 -> 0 | F34: =$E34*C34 -> #REF! | G34: =E34*D34 -> #REF!
A35: ='入力 発注書'!A34 -> 22 | B35: ='入力 発注書'!B34 -> アボカド | C35: ='印刷・FAX 発注書'!H31 -> 178 | D35: ='印刷・FAX 発注書'!I31 -> 129 | E35: ='入力 発注書'!AA34 -> 0 | F35: =$E35*C35 -> 0 | G35: =E35*D35 -> 0
A36: ='入力 発注書'!A35 -> 23 | B36: ='入力 発注書'!B35 -> さつま芋 | C36: ='印刷・FAX 発注書'!H32 -> 248 | D36: ='印刷・FAX 発注書'!I32 -> 179 | E36: ='入力 発注書'!AA35 -> 0 | F36: =$E36*C36 -> 0 | G36: =E36*D36 -> 0
A37: ='入力 発注書'!A36 -> 24 | B37: ='入力 発注書'!B36 -> ごぼう | C37: ='印刷・FAX 発注書'!H33 -> 168 | D37: ='印刷・FAX 発注書'!I33 -> 121 | E37: ='入力 発注書'!AA36 -> 0 | F37: =$E37*C37 -> 0 | G37: =E37*D37 -> 0
A38: ='入力 発注書'!A37 -> 25 | B38: ='入力 発注書'!B37 | C38: ='印刷・FAX 発注書'!H34 -> 258 | D38: ='印刷・FAX 発注書'!I34 -> 186 | E38: ='入力 発注書'!AA37 -> 0 | F38: =$E38*C38 -> 0 | G38: =E38*D38 -> 0
A39: ='入力 発注書'!A38 -> 26 | B39: ='入力 発注書'!B38 -> えのき茸 | C39: ='印刷・FAX 発注書'!H35 -> 198 | D39: ='印刷・FAX 発注書'!I35 -> 143 | E39: ='入力 発注書'!AA38 -> 0 | F39: =$E39*C39 -> 0 | G39: =E39*D39 -> 0
A40: ='入力 発注書'!A39 -> 27 | B40: ='入力 発注書'!B39 -> しめじ | C40: ='印刷・FAX 発注書'!H36 -> 0 | D40: ='印刷・FAX 発注書'!I36 -> 0 | E40: ='入力 発注書'!AA39 -> 0 | F40: =$E40*C40 -> 0 | G40: =E40*D40 -> 0
A41: ='入力 発注書'!A40 -> 28 | B41: ='入力 発注書'!B40 -> しいたけ | C41: ='印刷・FAX 発注書'!H37 -> 178 | D41: ='印刷・FAX 発注書'!I37 -> 129 | E41: ='入力 発注書'!AA40 -> 0 | F41: =$E41*C41 -> 0 | G41: =E41*D41 -> 0
A42: ='入力 発注書'!A41 -> 29 | B42: ='入力 発注書'!B41 -> まいたけ | C42: ='印刷・FAX 発注書'!H38 -> 148 | D42: ='印刷・FAX 発注書'!I38 -> 107 | E42: ='入力 発注書'!AA41 -> 0 | F42: =$E42*C42 -> 0 | G42: =E42*D42 -> 0
A43: ='入力 発注書'!A42 -> 30 | B43: ='入力 発注書'!B42 -> エリンギ | C43: ='印刷・FAX 発注書'!H39 -> 158 | D43: ='印刷・FAX 発注書'!I39 -> 114 | E43: ='入力 発注書'!AA42 -> 0 | F43: =$E43*C43 -> 0 | G43: =E43*D43 -> 0
A44: ='入力 発注書'!A43 -> 31 | B44: ='入力 発注書'!B43 -> なめこ | C44: ='印刷・FAX 発注書'!H40 -> 158 | D44: ='印刷・FAX 発注書'!I40 -> 114 | E44: ='入力 発注書'!AA43 -> 0 | F44: =$E44*C44 -> 0 | G44: =E44*D44 -> 0
A45: ='入力 発注書'!A44 -> 32 | B45: ='入力 発注書'!B44 -> 中国産ニンニク | C45: ='印刷・FAX 発注書'!H41 -> 158 | D45: ='印刷・FAX 発注書'!I41 -> 114 | E45: ='入力 発注書'!AA44 -> 0 | F45: =$E45*C45 -> 0 | G45: =E45*D45 -> 0
A46: ='入力 発注書'!A45 -> 33 | B46: ='入力 発注書'!B45 -> レモン | C46: ='印刷・FAX 発注書'!H42 -> 108 | D46: ='印刷・FAX 発注書'!I42 -> 78 | E46: ='入力 発注書'!AA45 -> 0 | F46: =$E46*C46 -> 0 | G46: =E46*D46 -> 0
... A49: ='入力 発注書'!A48 -> 36 | B49: ='入力 発注書'!B48 -> 温州みかん | C49: ='印刷・FAX 発注書'!H45 -> 238 | D49: ='印刷・FAX 発注書'!I45 -> 172 | E49: ='入力 発注書'!AA48 -> 0 | F49: =$E49*C49 -> 0 | G49: =E49*D49 -> 0
A50: ='入力 発注書'!A49 -> 37 | B50: ='入力 発注書'!B49 -> ソルダム | C50: ='印刷・FAX 発注書'!#REF! -> #REF! | D50: ='印刷・FAX 発注書'!#REF! -> #REF! | E50: ='入力 発注書'!AA49 -> 0 | F50: =$E50*C50 -> #REF! | G50: =E50*D50 -> #REF!
A51: ='入力 発注書'!A50 -> 38 | B51: ='入力 発注書'!B50 -> オレンジ2個 | C51: ='印刷・FAX 発注書'!H46 -> 128 | D51: ='印刷・FAX 発注書'!I46 -> 93 | E51: ='入力 発注書'!AA50 -> 0 | F51: =$E51*C51 -> 0 | G51: =E51*D51 -> 0
A52: ='入力 発注書'!A51 -> 39 | B52: ='入力 発注書'!B51 -> リンゴ | C52: ='印刷・FAX 発注書'!H47 -> 378 | D52: ='印刷・FAX 発注書'!I47 -> 273 | E52: ='入力 発注書'!AA51 -> 0 | F52: =$E52*C52 -> 0 | G52: =E52*D52 -> 0
A53: ='入力 発注書'!A52 -> 40 | B53: ='入力 発注書'!B52 -> メロン | C53: ='印刷・FAX 発注書'!H48 -> 398 | D53: ='印刷・FAX 発注書'!I48 -> 287 | E53: ='入力 発注書'!AA52 -> 0 | F53: =$E53*C53 -> 0 | G53: =E53*D53 -> 0
A54: ='入力 発注書'!A53 -> 41 | B54: ='入力 発注書'!B53 | C54: ='印刷・FAX 発注書'!#REF! -> #REF! | D54: ='印刷・FAX 発注書'!#REF! -> #REF! | E54: ='入力 発注書'!AA53 -> 0 | F54: =$E54*C54 -> #REF! | G54: =E54*D54 -> #REF!
A55: ='入力 発注書'!A54 -> 42 | B55: ='入力 発注書'!B54 | C55: ='印刷・FAX 発注書'!H49 -> 248 | D55: ='印刷・FAX 発注書'!I49 -> 179 | E55: ='入力 発注書'!AA54 -> 0 | F55: =$E55*C55 -> 0 | G55: =E55*D55 -> 0
A56: ='入力 発注書'!A55 -> 43 | B56: ='入力 発注書'!B55 | C56: ='印刷・FAX 発注書'!#REF! -> #REF! | D56: ='印刷・FAX 発注書'!#REF! -> #REF! | E56: ='入力 発注書'!AA55 -> 0 | F56: =$E56*C56 -> #REF! | G56: =E56*D56 -> #REF!
A57: ='入力 発注書'!A56 -> 44 | B57: ='入力 発注書'!B56 | C57: ='印刷・FAX 発注書'!H50 -> 598 | D57: ='印刷・FAX 発注書'!I50 -> 431 | E57: ='入力 発注書'!AA56 -> 0 | F57: =$E57*C57 -> 0 | G57: =E57*D57 -> 0
A58: ='入力 発注書'!A57 -> 45 | B58: ='入力 発注書'!B57 | C58: ='印刷・FAX 発注書'!H51 -> 598 | D58: ='印刷・FAX 発注書'!I51 -> 431 | E58: ='入力 発注書'!AA57 -> 0 | F58: =$E58*C58 -> 0 | G58: =E58*D58 -> 0
A59: ='入力 発注書'!A58 -> 46 | B59: ='入力 発注書'!B58 | C59: ='印刷・FAX 発注書'!H52 -> 0 | D59: ='印刷・FAX 発注書'!I52 -> 0 | E59: ='入力 発注書'!AA58 -> 0 | F59: =$E59*C59 -> 0 | G59: =E59*D59 -> 0
A60: ='入力 発注書'!A59 -> 47 | B60: ='入力 発注書'!B59 | C60: ='印刷・FAX 発注書'!H53 -> 0 | D60: ='印刷・FAX 発注書'!I53 -> 0 | E60: ='入力 発注書'!AA59 -> 0 | F60: =$E60*C60 -> 0 | G60: =E60*D60 -> 0
A61: ='入力 発注書'!A60 -> 48 | B61: ='入力 発注書'!B60 | C61: ='印刷・FAX 発注書'!H54 -> 0 | D61: ='印刷・FAX 発注書'!I54 -> 0 | E61: ='入力 発注書'!AA60 -> 0 | F61: =$E61*C61 -> 0 | G61: =E61*D61 -> 0
A62: ='入力 発注書'!A61 -> 49 | B62: ='入力 発注書'!B61 | C62: ='印刷・FAX 発注書'!H55 -> 0 | D62: ='印刷・FAX 発注書'!I55 -> 0 | E62: ='入力 発注書'!AA61 -> 0 | F62: =$E62*C62 -> 0 | G62: =E62*D62 -> 0
A63: ='入力 発注書'!A62 -> 50 | B63: ='入力 発注書'!B62 | C63: ='印刷・FAX 発注書'!H56 -> 0 | D63: ='印刷・FAX 発注書'!I56 -> 0 | E63: ='入力 発注書'!AA62 -> 0 | F63: =$E63*C63 -> 0 | G63: =E63*D63 -> 0
A64: ='入力 発注書'!A63 -> 51 | B64: ='入力 発注書'!B63 | C64: ='印刷・FAX 発注書'!H57 -> 0 | D64: ='印刷・FAX 発注書'!I57 -> 0 | E64: ='入力 発注書'!AA63 -> 0 | F64: =$E64*C64 -> 0 | G64: =E64*D64 -> 0
A65: ='入力 発注書'!A64 -> 52 | B65: ='入力 発注書'!B64 | C65: ='印刷・FAX 発注書'!H58 -> 0 | D65: ='印刷・FAX 発注書'!I58 -> 0 | E65: ='入力 発注書'!AA64 -> 0 | F65: =$E65*C65 -> 0 | G65: =E65*D65 -> 0
A66: ='入力 発注書'!A65 -> 53 | B66: ='入力 発注書'!B65 | C66: ='印刷・FAX 発注書'!H59 -> 0 | D66: ='印刷・FAX 発注書'!I59 -> 0 | E66: ='入力 発注書'!AA65 -> 0 | F66: =$E66*C66 -> 0 | G66: =E66*D66 -> 0
A67: ='入力 発注書'!A66 -> 54 | B67: ='入力 発注書'!B66 | C67: ='印刷・FAX 発注書'!H60 -> 0 | D67: ='印刷・FAX 発注書'!I60 -> 0 | E67: ='入力 発注書'!AA66 -> 0 | F67: =$E67*C67 -> 0 | G67: =E67*D67 -> 0
A68: ='入力 発注書'!A67 -> 55 | B68: ='入力 発注書'!B67 -> 0 | C68: ='印刷・FAX 発注書'!H61 -> 0 | D68: ='印刷・FAX 発注書'!I61 -> 0 | E68: ='入力 発注書'!AA67 -> 0 | F68: =$E68*C68 -> 0 | G68: =E68*D68 -> 0
... A70: ='入力 発注書'!A69 -> 57 | B70: ='入力 発注書'!B69 -> 0 | C70: ='印刷・FAX 発注書'!H63 -> 0 | D70: ='印刷・FAX 発注書'!I63 -> 0 | E70: ='入力 発注書'!AA69 -> 0 | F70: =$E70*C70 -> 0 | G70: =E70*D70 -> 0
A71: ='入力 発注書'!A70 -> 58 | B71: ='入力 発注書'!B70 -> 送料 | D71: ='入力 発注書'!Z70 -> 0 | E71: =IF(D71<>0,1,0) -> 0 | G71: =E71*D71 -> 0
B72: 合計(税込み) | D72: 8％対象 | F72: =SUM(F14:F70) -> #REF! | G72: =SUM(G14:G70) -> #REF!
D73: 10％対象 | G73: =G71 -> 0
B74: * 印は軽減税率8％対象商品となります。

Sheet 仙台上愛子店
G1: №
B2: 納 品 書 | C2: ='入力 発注書'!G8 -> 46224
D4: 仙台市太白区秋保湯元字寺田原45-11
D5: 有 限 会 社 マ ル カ
E6: TEL 022-398-2408
E7: FAX 022-397-2817
B8: ファミリーマート | C8: 仙台上愛子店 様
B9: 下記のとおり納品いたしました
B11: 税込合計金額 ( 原価合計） | C11: =G72+G73 -> #REF! | F11: （消費税額等）
B12: 品 名 | C12: 単 価 | E12: 数 量 | F12: 金 額
C13: 売価 | D13: 原価 | F13: 売価 | G13: 原価
A14: ='入力 発注書'!A13 -> 1 | B14: ='入力 発注書'!B13 -> バナナ | C14: ='印刷・FAX 発注書'!H13 -> 98 | D14: ='印刷・FAX 発注書'!I13 -> 71 | E14: ='入力 発注書'!O13 -> 0 | F14: =$E14*C14 -> 0 | G14: =$E14*D14 -> 0
A15: ='入力 発注書'!A14 -> 2 | B15: ='入力 発注書'!B14 -> バナナ | C15: ='印刷・FAX 発注書'!H14 -> 216 | D15: ='印刷・FAX 発注書'!I14 -> 156 | E15: ='入力 発注書'!O14 -> 0 | F15: =$E15*C15 -> 0 | G15: =E15*D15 -> 0
A16: ='入力 発注書'!A15 -> 3 | B16: ='入力 発注書'!B15 -> 新玉ねぎ | C16: ='印刷・FAX 発注書'!#REF! -> #REF! | D16: ='印刷・FAX 発注書'!#REF! -> #REF! | E16: ='入力 発注書'!O15 -> 0 | F16: =$E16*C16 -> #REF! | G16: =E16*D16 -> #REF!
A17: ='入力 発注書'!A16 -> 4 | B17: ='入力 発注書'!B16 -> 新玉ねぎ | C17: ='印刷・FAX 発注書'!H15 -> 158 | D17: ='印刷・FAX 発注書'!I15 -> 114 | E17: ='入力 発注書'!O16 -> 0 | F17: =$E17*C17 -> 0 | G17: =E17*D17 -> 0
A18: ='入力 発注書'!A17 -> 5 | B18: ='入力 発注書'!B17 -> 人参（冷蔵保存） | C18: ='印刷・FAX 発注書'!H16 -> 128 | D18: ='印刷・FAX 発注書'!I16 -> 93 | E18: ='入力 発注書'!O17 -> 0 | F18: =$E18*C18 -> 0 | G18: =E18*D18 -> 0
A19: ='入力 発注書'!A18 -> 6 | B19: ='入力 発注書'!B18 | C19: ='印刷・FAX 発注書'!H17 -> 0 | D19: ='印刷・FAX 発注書'!I17 -> 0 | E19: ='入力 発注書'!O18 -> 0 | F19: =$E19*C19 -> 0 | G19: =E19*D19 -> 0
A20: ='入力 発注書'!A19 -> 7 | B20: ='入力 発注書'!B19 -> じゃが芋 | C20: ='印刷・FAX 発注書'!H18 -> 128 | D20: ='印刷・FAX 発注書'!I18 -> 93 | E20: ='入力 発注書'!O19 -> 0 | F20: =$E20*C20 -> 0 | G20: =E20*D20 -> 0
A21: ='入力 発注書'!A20 -> 8 | B21: ='入力 発注書'!B20 -> 胡瓜 | C21: ='印刷・FAX 発注書'!H19 -> 138 | D21: ='印刷・FAX 発注書'!I19 -> 100 | E21: ='入力 発注書'!O20 -> 0 | F21: =$E21*C21 -> 0 | G21: =E21*D21 -> 0
A22: ='入力 発注書'!A21 -> 9 | B22: ='入力 発注書'!B21 -> トマト | C22: ='印刷・FAX 発注書'!H20 -> 238 | D22: ='印刷・FAX 発注書'!I20 -> 215 | E22: ='入力 発注書'!O21 -> 0 | F22: =$E22*C22 -> 0 | G22: =E22*D22 -> 0
A23: ='入力 発注書'!A22 -> 10 | B23: ='入力 発注書'!B22 -> レタス | C23: ='印刷・FAX 発注書'!H21 -> 258 | D23: ='印刷・FAX 発注書'!I21 -> 186 | E23: ='入力 発注書'!O22 -> 0 | F23: =$E23*C23 -> 0 | G23: =E23*D23 -> 0
A24: ='入力 発注書'!A23 -> 11 | B24: ='入力 発注書'!B23 -> ミニトマト | C24: ='印刷・FAX 発注書'!H22 -> 378 | D24: ='印刷・FAX 発注書'!I22 -> 287 | E24: ='入力 発注書'!O23 -> 0 | F24: =$E24*C24 -> 0 | G24: =E24*D24 -> 0
A25: ='入力 発注書'!A24 -> 12 | B25: ='入力 発注書'!B24 -> ネギ(１本） | C25: ='印刷・FAX 発注書'!H23 -> 108 | D25: ='印刷・FAX 発注書'!I23 -> 78 | E25: ='入力 発注書'!O24 -> 0 | F25: =$E25*C25 -> 0 | G25: =E25*D25 -> 0
A26: ='入力 発注書'!A25 -> 13 | B26: ='入力 発注書'!B25 -> ピーマン | C26: ='印刷・FAX 発注書'!H24 -> 198 | D26: ='印刷・FAX 発注書'!I24 -> 143 | E26: ='入力 発注書'!O25 -> 0 | F26: =$E26*C26 -> 0 | G26: =E26*D26 -> 0
A27: ='入力 発注書'!A26 -> 14 | B27: ='入力 発注書'!B26 -> キャベツ | C27: ='印刷・FAX 発注書'!H25 -> 138 | D27: ='印刷・FAX 発注書'!I25 -> 100 | E27: ='入力 発注書'!O26 -> 0 | F27: =$E27*C27 -> 0 | G27: =E27*D27 -> 0
A28: ='入力 発注書'!A27 -> 15 | B28: ='入力 発注書'!B27 -> キャベツ | C28: ='印刷・FAX 発注書'!H26 -> 358 | D28: ='印刷・FAX 発注書'!I26 -> 258 | E28: ='入力 発注書'!O27 -> 0 | F28: =$E28*C28 -> 0 | G28: =E28*D28 -> 0
A29: ='入力 発注書'!A28 -> 16 | B29: ='入力 発注書'!B28 -> 白菜1/2 | C29: ='印刷・FAX 発注書'!H27 -> 108 | D29: ='印刷・FAX 発注書'!I27 -> 78 | E29: ='入力 発注書'!O28 -> 0 | F29: =$E29*C29 -> 0 | G29: =E29*D29 -> 0
A30: ='入力 発注書'!A29 -> 17 | B30: ='入力 発注書'!B29 -> 小松菜 | C30: ='印刷・FAX 発注書'!#REF! -> #REF! | D30: ='印刷・FAX 発注書'!#REF! -> #REF! | E30: ='入力 発注書'!O29 -> 0 | F30: =$E30*C30 -> #REF! | G30: =E30*D30 -> #REF!
A31: ='入力 発注書'!A30 -> 18 | B31: ='入力 発注書'!B30 -> 大根1/2 | C31: ='印刷・FAX 発注書'!H28 -> 168 | D31: ='印刷・FAX 発注書'!I28 -> 121 | E31: ='入力 発注書'!O30 -> 0 | F31: =$E31*C31 -> 0 | G31: =E31*D31 -> 0
A32: ='入力 発注書'!A31 -> 19 | B32: ='入力 発注書'!B31 -> ほうれん草 | C32: ='印刷・FAX 発注書'!H29 -> 148 | D32: ='印刷・FAX 発注書'!I29 -> 107 | E32: ='入力 発注書'!O31 -> 0 | F32: =$E32*C32 -> 0 | G32: =E32*D32 -> 0
A33: ='入力 発注書'!A32 -> 20 | B33: ='入力 発注書'!B32 -> 茄子 | C33: ='印刷・FAX 発注書'!H30 -> 238 | D33: ='印刷・FAX 発注書'!I30 -> 172 | E33: ='入力 発注書'!O32 -> 0 | F33: =$E33*C33 -> 0 | G33: =E33*D33 -> 0
A34: ='入力 発注書'!A33 -> 21 | B34: ='入力 発注書'!B33 -> 国産生姜 | C34: ='印刷・FAX 発注書'!#REF! -> #REF! | D34: ='印刷・FAX 発注書'!#REF! -> #REF! | E34: ='入力 発注書'!O33 -> 0 | F34: =$E34*C34 -> #REF! | G34: =E34*D34 -> #REF!
A35: ='入力 発注書'!A34 -> 22 | B35: ='入力 発注書'!B34 -> アボカド | C35: ='印刷・FAX 発注書'!H31 -> 178 | D35: ='印刷・FAX 発注書'!I31 -> 129 | E35: ='入力 発注書'!O34 -> 0 | F35: =$E35*C35 -> 0 | G35: =E35*D35 -> 0
A36: ='入力 発注書'!A35 -> 23 | B36: ='入力 発注書'!B35 -> さつま芋 | C36: ='印刷・FAX 発注書'!H32 -> 248 | D36: ='印刷・FAX 発注書'!I32 -> 179 | E36: ='入力 発注書'!O35 -> 0 | F36: =$E36*C36 -> 0 | G36: =E36*D36 -> 0
A37: ='入力 発注書'!A36 -> 24 | B37: ='入力 発注書'!B36 -> ごぼう | C37: ='印刷・FAX 発注書'!H33 -> 168 | D37: ='印刷・FAX 発注書'!I33 -> 121 | E37: ='入力 発注書'!O36 -> 0 | F37: =$E37*C37 -> 0 | G37: =E37*D37 -> 0
A38: ='入力 発注書'!A37 -> 25 | B38: ='入力 発注書'!B37 | C38: ='印刷・FAX 発注書'!H34 -> 258 | D38: ='印刷・FAX 発注書'!I34 -> 186 | E38: ='入力 発注書'!O37 -> 0 | F38: =$E38*C38 -> 0 | G38: =E38*D38 -> 0
A39: ='入力 発注書'!A38 -> 26 | B39: ='入力 発注書'!B38 -> えのき茸 | C39: ='印刷・FAX 発注書'!H35 -> 198 | D39: ='印刷・FAX 発注書'!I35 -> 143 | E39: ='入力 発注書'!O38 -> 0 | F39: =$E39*C39 -> 0 | G39: =E39*D39 -> 0
A40: ='入力 発注書'!A39 -> 27 | B40: ='入力 発注書'!B39 -> しめじ | C40: ='印刷・FAX 発注書'!H36 -> 0 | D40: ='印刷・FAX 発注書'!I36 -> 0 | E40: ='入力 発注書'!O39 -> 0 | F40: =$E40*C40 -> 0 | G40: =E40*D40 -> 0
A41: ='入力 発注書'!A40 -> 28 | B41: ='入力 発注書'!B40 -> しいたけ | C41: ='印刷・FAX 発注書'!H37 -> 178 | D41: ='印刷・FAX 発注書'!I37 -> 129 | E41: ='入力 発注書'!O40 -> 0 | F41: =$E41*C41 -> 0 | G41: =E41*D41 -> 0
A42: ='入力 発注書'!A41 -> 29 | B42: ='入力 発注書'!B41 -> まいたけ | C42: ='印刷・FAX 発注書'!H38 -> 148 | D42: ='印刷・FAX 発注書'!I38 -> 107 | E42: ='入力 発注書'!O41 -> 0 | F42: =$E42*C42 -> 0 | G42: =E42*D42 -> 0
A43: ='入力 発注書'!A42 -> 30 | B43: ='入力 発注書'!B42 -> エリンギ | C43: ='印刷・FAX 発注書'!H39 -> 158 | D43: ='印刷・FAX 発注書'!I39 -> 114 | E43: ='入力 発注書'!O42 -> 0 | F43: =$E43*C43 -> 0 | G43: =E43*D43 -> 0
A44: ='入力 発注書'!A43 -> 31 | B44: ='入力 発注書'!B43 -> なめこ | C44: ='印刷・FAX 発注書'!H40 -> 158 | D44: ='印刷・FAX 発注書'!I40 -> 114 | E44: ='入力 発注書'!O43 -> 0 | F44: =$E44*C44 -> 0 | G44: =E44*D44 -> 0
A45: ='入力 発注書'!A44 -> 32 | B45: ='入力 発注書'!B44 -> 中国産ニンニク | C45: ='印刷・FAX 発注書'!H41 -> 158 | D45: ='印刷・FAX 発注書'!I41 -> 114 | E45: ='入力 発注書'!O44 -> 0 | F45: =$E45*C45 -> 0 | G45: =E45*D45 -> 0
A46: ='入力 発注書'!A45 -> 33 | B46: ='入力 発注書'!B45 -> レモン | C46: ='印刷・FAX 発注書'!H42 -> 108 | D46: ='印刷・FAX 発注書'!I42 -> 78 | E46: ='入力 発注書'!O45 -> 0 | F46: =$E46*C46 -> 0 | G46: =E46*D46 -> 0
... A49: ='入力 発注書'!A48 -> 36 | B49: ='入力 発注書'!B48 -> 温州みかん | C49: ='印刷・FAX 発注書'!H45 -> 238 | D49: ='印刷・FAX 発注書'!I45 -> 172 | E49: ='入力 発注書'!O48 -> 0 | F49: =$E49*C49 -> 0 | G49: =E49*D49 -> 0
A50: ='入力 発注書'!A49 -> 37 | B50: ='入力 発注書'!B49 -> ソルダム | C50: ='印刷・FAX 発注書'!#REF! -> #REF! | D50: ='印刷・FAX 発注書'!#REF! -> #REF! | E50: ='入力 発注書'!O49 -> 0 | F50: =$E50*C50 -> #REF! | G50: =E50*D50 -> #REF!
A51: ='入力 発注書'!A50 -> 38 | B51: ='入力 発注書'!B50 -> オレンジ2個 | C51: ='印刷・FAX 発注書'!H46 -> 128 | D51: ='印刷・FAX 発注書'!I46 -> 93 | E51: ='入力 発注書'!O50 -> 0 | F51: =$E51*C51 -> 0 | G51: =E51*D51 -> 0
A52: ='入力 発注書'!A51 -> 39 | B52: ='入力 発注書'!B51 -> リンゴ | C52: ='印刷・FAX 発注書'!H47 -> 378 | D52: ='印刷・FAX 発注書'!I47 -> 273 | E52: ='入力 発注書'!O51 -> 0 | F52: =$E52*C52 -> 0 | G52: =E52*D52 -> 0
A53: ='入力 発注書'!A52 -> 40 | B53: ='入力 発注書'!B52 -> メロン | C53: ='印刷・FAX 発注書'!H48 -> 398 | D53: ='印刷・FAX 発注書'!I48 -> 287 | E53: ='入力 発注書'!O52 -> 0 | F53: =$E53*C53 -> 0 | G53: =E53*D53 -> 0
A54: ='入力 発注書'!A53 -> 41 | B54: ='入力 発注書'!B53 | C54: ='印刷・FAX 発注書'!#REF! -> #REF! | D54: ='印刷・FAX 発注書'!#REF! -> #REF! | E54: ='入力 発注書'!O53 -> 0 | F54: =$E54*C54 -> #REF! | G54: =E54*D54 -> #REF!
A55: ='入力 発注書'!A54 -> 42 | B55: ='入力 発注書'!B54 | C55: ='印刷・FAX 発注書'!H49 -> 248 | D55: ='印刷・FAX 発注書'!I49 -> 179 | E55: ='入力 発注書'!O54 -> 0 | F55: =$E55*C55 -> 0 | G55: =E55*D55 -> 0
A56: ='入力 発注書'!A55 -> 43 | B56: ='入力 発注書'!B55 | C56: ='印刷・FAX 発注書'!#REF! -> #REF! | D56: ='印刷・FAX 発注書'!#REF! -> #REF! | E56: ='入力 発注書'!O55 -> 0 | F56: =$E56*C56 -> #REF! | G56: =E56*D56 -> #REF!
A57: ='入力 発注書'!A56 -> 44 | B57: ='入力 発注書'!B56 | C57: ='印刷・FAX 発注書'!H50 -> 598 | D57: ='印刷・FAX 発注書'!I50 -> 431 | E57: ='入力 発注書'!O56 -> 0 | F57: =$E57*C57 -> 0 | G57: =E57*D57 -> 0
A58: ='入力 発注書'!A57 -> 45 | B58: ='入力 発注書'!B57 | C58: ='印刷・FAX 発注書'!H51 -> 598 | D58: ='印刷・FAX 発注書'!I51 -> 431 | E58: ='入力 発注書'!O57 -> 0 | F58: =$E58*C58 -> 0 | G58: =E58*D58 -> 0
A59: ='入力 発注書'!A58 -> 46 | B59: ='入力 発注書'!B58 | C59: ='印刷・FAX 発注書'!H52 -> 0 | D59: ='印刷・FAX 発注書'!I52 -> 0 | E59: ='入力 発注書'!O58 -> 0 | F59: =$E59*C59 -> 0 | G59: =E59*D59 -> 0
A60: ='入力 発注書'!A59 -> 47 | B60: ='入力 発注書'!B59 | C60: ='印刷・FAX 発注書'!H53 -> 0 | D60: ='印刷・FAX 発注書'!I53 -> 0 | E60: ='入力 発注書'!O59 -> 0 | F60: =$E60*C60 -> 0 | G60: =E60*D60 -> 0
A61: ='入力 発注書'!A60 -> 48 | B61: ='入力 発注書'!B60 | C61: ='印刷・FAX 発注書'!H54 -> 0 | D61: ='印刷・FAX 発注書'!I54 -> 0 | E61: ='入力 発注書'!O60 -> 0 | F61: =$E61*C61 -> 0 | G61: =E61*D61 -> 0
A62: ='入力 発注書'!A61 -> 49 | B62: ='入力 発注書'!B61 | C62: ='印刷・FAX 発注書'!H55 -> 0 | D62: ='印刷・FAX 発注書'!I55 -> 0 | E62: ='入力 発注書'!O61 -> 0 | F62: =$E62*C62 -> 0 | G62: =E62*D62 -> 0
A63: ='入力 発注書'!A62 -> 50 | B63: ='入力 発注書'!B62 | C63: ='印刷・FAX 発注書'!H56 -> 0 | D63: ='印刷・FAX 発注書'!I56 -> 0 | E63: ='入力 発注書'!O62 -> 0 | F63: =$E63*C63 -> 0 | G63: =E63*D63 -> 0
A64: ='入力 発注書'!A63 -> 51 | B64: ='入力 発注書'!B63 | C64: ='印刷・FAX 発注書'!H57 -> 0 | D64: ='印刷・FAX 発注書'!I57 -> 0 | E64: ='入力 発注書'!O63 -> 0 | F64: =$E64*C64 -> 0 | G64: =E64*D64 -> 0
A65: ='入力 発注書'!A64 -> 52 | B65: ='入力 発注書'!B64 | C65: ='印刷・FAX 発注書'!H58 -> 0 | D65: ='印刷・FAX 発注書'!I58 -> 0 | E65: ='入力 発注書'!O64 -> 0 | F65: =$E65*C65 -> 0 | G65: =E65*D65 -> 0
A66: ='入力 発注書'!A65 -> 53 | B66: ='入力 発注書'!B65 | C66: ='印刷・FAX 発注書'!H59 -> 0 | D66: ='印刷・FAX 発注書'!I59 -> 0 | E66: ='入力 発注書'!O65 -> 0 | F66: =$E66*C66 -> 0 | G66: =E66*D66 -> 0
A67: ='入力 発注書'!A66 -> 54 | B67: ='入力 発注書'!B66 | C67: ='印刷・FAX 発注書'!H60 -> 0 | D67: ='印刷・FAX 発注書'!I60 -> 0 | E67: ='入力 発注書'!O66 -> 0 | F67: =$E67*C67 -> 0 | G67: =E67*D67 -> 0
A68: ='入力 発注書'!A67 -> 55 | B68: ='入力 発注書'!B67 -> 0 | C68: ='印刷・FAX 発注書'!H61 -> 0 | D68: ='印刷・FAX 発注書'!I61 -> 0 | E68: ='入力 発注書'!O67 -> 0 | F68: =$E68*C68 -> 0 | G68: =E68*D68 -> 0
... A70: ='入力 発注書'!A69 -> 57 | B70: ='入力 発注書'!B69 -> 0 | C70: ='印刷・FAX 発注書'!H63 -> 0 | D70: ='印刷・FAX 発注書'!I63 -> 0 | E70: ='入力 発注書'!O69 -> 0 | F70: =$E70*C70 -> 0 | G70: =E70*D70 -> 0
A71: ='入力 発注書'!A70 -> 58 | B71: ='入力 発注書'!B70 -> 送料 | D71: ='入力 発注書'!N70 -> 0 | E71: =IF(D71<>0,1,0) -> 0 | G71: =E71*D71 -> 0
B72: 合計(税込み) | D72: 8％対象 | F72: =SUM(F14:F70) -> #REF! | G72: =SUM(G14:G70) -> #REF!
D73: 10％対象 | G73: =G71 -> 0
B74: * 印は軽減税率8％対象商品となります。

Sheet Sheet1
C1: 9 | D1: 月 | E1: 26 | F1: 日
B2: ファミリーマート
B4: 品名 | C4: 賞味期限日数目安 | D4: 想定税込売価 | E4: 想定税込仕入額 | F4: 粗利益率 | G4: 国見ケ丘 | H4: 八乙女 | I4: 川平１丁 | J4: 堤町 | K4: 広瀬立町
A5: 1 | B5: バナナ | C5: 3 | D5: 88 | E5: 66 | G5: 0 | H5: 6 | M5: =SUM(G5:L5) -> 6
A6: 2 | B6: バナナ | C6: 3 | D6: 181 | E6: 135 | F6: =1-E6/D6 -> 0.25414365 | G6: 15 | H6: 10 | I6: 15 | J6: 10
A7: 3 | B7: 玉ねぎ | C7: 10 | D7: 118 | E7: 89 | F7: =1-E7/D7 -> 0.24576271
A8: 4 | B8: 玉ねぎ | C8: 10 | D8: 138 | E8: 104 | F8: =1-E8/D8 -> 0.24637681
A9: 5 | B9: 人参 | C9: 5 | D9: 128 | E9: 96 | F9: =1-E9/D9 -> 0.25 | J9: 5
A10: 6 | B10: じゃが芋 | C10: 7 | D10: 148 | E10: 111 | F10: =1-E10/D10 -> 0.25
A11: 7 | B11: 胡瓜 | C11: 5 | D11: 158 | E11: 119 | F11: =1-E11/D11 -> 0.24683544 | I11: 3 | J11: 5
A12: 8 | B12: トマト | C12: 5 | D12: 428 | E12: 308 | F12: =1-E12/D12 -> 0.28037383
A13: 9 | B13: ミディトマト | C13: 7 | D13: 298 | E13: 215 | F13: =1-E13/D13 -> 0.27852349
A14: 10 | B14: ミニトマト | C14: 7 | D14: 480 | E14: 350 | F14: =1-E14/D14 -> 0.27083333
A15: 11 | B15: ネギ | C15: 7 | D15: 100 | E15: 75 | F15: =1-E15/D15 -> 0.25 | G15: 4 | H15: 3 | J15: 3 | K15: 3
A16: 12 | B16: ピーマン | C16: 5 | D16: 216 | E16: 156 | F16: =1-E16/D16 -> 0.27777778 | N16: l;
A17: 13 | B17: キャベツ | C17: 5 | D17: 118 | E17: 89 | F17: =1-E17/D17 -> 0.24576271 | I17: 3 | J17: 4
A18: 14 | B18: キャベツ | C18: 4 | D18: 238 | E18: 172 | F18: =1-E18/D18 -> 0.27731092
A19: 15 | B19: 白菜1/4 | C19: 3 | D19: 216 | E19: 156 | F19: =1-E19/D19 -> 0.27777778
A20: 16 | B20: 大根 | C20: 4 | D20: 98 | E20: 73 | F20: =1-E20/D20 -> 0.25510204 | I20: 2 | J20: 4
A21: 17 | B21: 小松菜 | C21: 5 | D21: 218 | E21: 158 | F21: =1-E21/D21 -> 0.27522936
A22: 18 | B22: ほうれん草 | C22: 5 | D22: 458 | E22: 328 | F22: =1-E22/D22 -> 0.28384279
A23: 19 | B23: チンゲン菜 | C23: 5 | D23: 218 | E23: 164 | F23: =1-E23/D23 -> 0.24770642
A24: 20 | B24: 豆苗 | C24: 6 | D24: 138 | E24: 100 | F24: =1-E24/D24 -> 0.27536232
A25: 21 | B25: 茄子 | C25: 5 | D25: 248 | E25: 176 | F25: =1-E25/D25 -> 0.29032258
A26: 22 | B26: 国産生姜 | C26: 7 | D26: 149 | E26: 108 | F26: =1-E26/D26 -> 0.27516779
A27: 23 | B27: アボカド | C27: 5 | D27: 188 | E27: 135 | F27: =1-E27/D27 -> 0.28191489
A28: 24 | B28: さつま芋 | C28: 10 | D28: 298 | E28: 223 | F28: =1-E28/D28 -> 0.25167785 | G28: 3
A29: 25 | B29: ごぼう | C29: 10 | D29: 158 | E29: 108 | F29: =1-E29/D29 -> 0.3164557
A30: 26 | B30: えのき茸 | C30: 5 | D30: 128 | E30: 96 | F30: =1-E30/D30 -> 0.25 | J30: 3
A31: 27 | B31: しめじ | C31: 5 | D31: 128 | E31: 96 | F31: =1-E31/D31 -> 0.25 | J31: 3 | K31: 3
A32: 28 | B32: しいたけ | C32: 4 | D32: 158 | E32: 118 | F32: =1-E32/D32 -> 0.25316456
A33: 29 | B33: まいたけ | C33: 5 | D33: 148 | E33: 106 | F33: =1-E33/D33 -> 0.28378378
A34: 30 | B34: エリンギ | C34: 5 | D34: 138 | E34: 100 | F34: =1-E34/D34 -> 0.27536232
A35: 31 | B35: なめこ | C35: 5 | D35: 108 | E35: 78 | F35: =1-E35/D35 -> 0.27777778
A36: 32 | B36: 中国産ニンニク | C36: 15 | D36: 158 | E36: 114 | F36: =1-E36/D36 -> 0.27848101
A37: 33 | B37: レモン | C37: 15 | D37: 108 | E37: 78 | F37: =1-E37/D37 -> 0.27777778 | I37: 3 | J37: 3
A38: 34 | B38: キウイフルーツ | C38: 5 | D38: 318 | E38: 230 | F38: =1-E38/D38 -> 0.27672956
A39: 35 | B39: グレープフルーツ | C39: 5 | D39: 348 | E39: 250 | F39: =1-E39/D39 -> 0.2816092
A40: 36 | B40: 大葉しそ | C40: 4 | D40: 108 | E40: 78 | F40: =1-E40/D40 -> 0.27777778
A41: 37 | B41: リンゴ | C41: 5 | D41: 198 | E41: 142 | F41: =1-E41/D41 -> 0.28282828 | G41: 3 | H41: 3 | I41: 3 | J41: 2 | K41: 3
A42: 38 | B42: 落花生 | C42: 7 | D42: 328 | E42: 245 | F42: =1-E42/D42 -> 0.25304878
A43: 39 | B43: 柿 | C43: 7 | D43: 318 | E43: 238 | F43: =1-E43/D43 -> 0.25157233 | H43: 3
A44: 40 | B44: 梨 | C44: 5 | D44: 298 | E44: 215 | F44: =1-E44/D44 -> 0.27852349 | G44: 5 | H44: 3 | J44: 2 | K44: 3
A45: 41 | B45: みかん | C45: 5 | D45: 318 | E45: 238 | F45: =1-E45/D45 -> 0.25157233 | G45: 5 | I45: 5 | J45: 4
